206952,11262
225393,11262
211527,11262
194229,11262
246858,11262
215112,11262
71271,11262
206748,11262
212448,11262
206940,11262
210234,11262
251619,11262
212721,11262
250434,1370
242442,11262
251619,56714
71274,1370
251967,11262
212442,11262
164541,1304
164541,59822
208347,1370
206346,11262
226662,1370
216366,11262
242388,11262
163131,11262
154890,1304
247983,11262
247986,11262
163101,11262
210981,11262
217848,11262
248301,11262
222906,1370
188331,1370
183213,11262
205821,11262
222906,11262
229527,11262
230073,11262
225393,56714
206418,11262
187707,11262
194229,1370
203178,11262
187101,1304
184950,1370
246963,11262
188331,11262
216822,11262
186174,1370
222669,11262
206952,63510
206481,11262
61344,11262
209622,11262
247962,11262
187707,1370
202638,1370
213885,11262
184950,1304
227616,11262
213114,11262
241026,11262
59691,11262
186174,11262
198552,11262
191247,11262
25749,11262
230604,11262
226662,1304
153303,1304
206415,11262
164661,1370
72045,1370
192942,11262
206784,11262
238827,11262
217782,11262
203460,1370
217782,1370
164541,1370
210234,56714
210234,34092
251619,63510
174468,62376
174468,1370
206955,11262
220302,11262
71271,1370
183492,1370
234093,11262
203106,11262
210393,11262
211407,11262
171702,11262
183576,1370
207150,11262
206406,11262
153303,1370
196845,11262
206376,56714
198210,1370
212112,11262
196722,11262
203256,11262
156057,1370
199242,1370
223968,1370
188700,11262
183459,11262
165717,11262
217848,56714
244731,1370
61977,11262
206856,11262
217782,53160
227829,11262
195447,11262
206940,56714
206787,11262
210834,11262
158274,11262
227670,11262
224211,11262
244680,11262
226662,62074
72900,11262
224169,1370
242619,11262
236226,1370
187806,11262
229536,1370
197529,11262
192159,11262
149634,11262
225393,1370
203247,11262
203133,11262
204762,11262
190152,11262
203232,11262
194790,11262
206748,56714
207222,11262
175293,1304
66843,11262
229527,1370
178257,1370
223782,1370
207144,11262
206811,11262
206988,11262
206358,11262
206355,11262
203796,11262
72483,11262
129081,11262
216108,1370
228024,11262
167136,1370
187806,62376
187806,1370
178830,56714
203700,11262
242856,11262
172161,1304
205905,11262
203733,11262
203151,11262
248724,11262
183573,1304
232455,11262
207339,11262
252081,11262
192564,11262
185244,1370
248301,1370
186174,1304
66843,1370
233970,1370
157767,11262
244278,11262
208599,1370
246858,63510
250275,11262
206823,11262
187839,1370
71271,63510
203073,11262
61344,1304
205947,11262
203241,11262
188787,11262
224631,62376
226848,11262
252618,11262
183489,56714
207222,1370
194424,11262
172161,1370
211815,11262
25743,1370
154890,1370
174468,1304
209073,11262
212301,11262
224169,1304
212721,1370
198522,11262
203145,11262
237300,11262
227115,11262
205662,11262
210678,11262
203673,11262
207102,11262
128901,1370
244278,1370
206979,11262
176472,1370
251619,30500
161208,1370
249567,1370
210876,11262
213513,11262
198279,11262
61824,11262
201798,11262
211473,1370
154578,1370
192714,1370
67314,1370
227988,11262
218265,1370
229521,11262
199860,11262
59703,11262
224145,11262
253998,11262
210846,11262
250629,11262
129153,11262
216648,11262
203058,11262
192771,11262
205122,11262
203889,11262
203052,11262
246150,11262
195249,1370
227973,11262
253335,1370
253335,62376
187101,1370
245631,1370
188331,1372
72045,11262
200259,11262
206442,11262
201798,1370
244287,11262
206637,11262
207084,11262
233427,1370
167364,11262
211950,11262
236655,1370
218265,11262
188331,57414
252480,1370
208350,1370
208350,62376
72900,1304
175293,1370
140277,1370
203094,1370
217380,1370
172008,11262
246963,34092
246963,56714
208488,11262
154881,1304
203142,1370
192714,11262
197835,11262
72918,11262
216981,1370
25749,1370
183573,1370
203439,11262
203259,11262
216123,11262
253335,11262
202638,1304
216108,11262
208515,11262
229473,1370
239577,11262
248550,11262
195582,11262
238611,11262
203256,1370
203268,1370
176403,30500
203445,1370
208116,1370
203259,1370
203439,1370
199242,11262
210834,1370
253464,11262
249216,11262
250749,11262
219420,11262
203670,11262
238611,1370
203073,1370
203082,1370
25743,1304
236115,11262
65052,1370
231225,1370
224280,1370
224280,62376
203145,1370
206625,11262
154797,1370
155271,1370
153402,1370
204762,1370
203133,1370
203247,1370
216123,1370
69060,1370
227973,1370
207096,11262
225669,11262
206745,11262
210120,1370
166995,1370
227670,1370
253866,11262
206979,1370
250653,11262
205947,1370
248250,1370
203241,1370
176403,56714
178830,11262
211815,1370
250974,1370
239577,1370
166995,11262
246150,1370
188331,53160
154509,11262
248796,11262
201741,1370
222843,11262
72930,11262
222906,63510
187650,1370
196722,1370
203271,1370
203271,62376
177672,1370
211548,11262
177474,1370
129081,1370
209829,1370
203328,11262
2061063,11262
183489,11262
67158,1370
205665,11262
203316,11262
217002,11262
211533,1370
203460,1304
193965,11262
186384,11262
75723,11262
249633,1304
71766,1370
65067,1370
249294,11262
244092,59822
212220,56714
226662,11262
154509,1370
201741,11262
223968,11262
186951,1370
191226,11262
178458,11262
205821,1370
249486,1370
188331,63510
155337,1304
184104,1304
212430,1370
154494,11262
220218,11262
211950,1304
176319,1370
206346,56714
212256,1304
203775,1370
158274,1370
165927,11262
206367,11262
253416,11262
207078,11262
210897,11262
251142,1370
249063,1370
211641,11262
238878,1370
197835,1370
212469,1370
242388,56714
217002,1370
184113,1370
154485,1370
71274,63510
207828,11262
242439,11262
203310,11262
222306,11262
203322,11262
203142,11262
208350,11262
163578,1370
183105,30500
200259,1370
208812,1304
59691,1370
167316,1370
221115,1370
184488,1304
154827,1370
228729,1370
206448,11262
193323,11262
203178,1370
206361,56714
247983,56714
186378,1370
183492,11262
211527,30500
140277,11262
212745,1370
183492,57414
249930,1370
212442,56714
166128,1370
154518,1370
212526,1304
254310,1370
183492,34092
183492,56714
242442,56714
178830,1370
166005,1370
242619,1370
66918,1370
198279,1304
250947,11262
154803,1370
241305,1370
204093,1370
153315,1370
206940,30500
206748,30500
212448,30500
199854,1370
156486,1370
207216,11262
237804,1370
217620,1304
191553,1304
179088,1304
247002,11262
154551,1370
195723,11262
25749,63510
192159,1370
197529,62376
197529,1370
183195,1370
212256,1370
234972,11262
234018,11262
234120,1370
128469,11262
220632,1304
186942,1304
192300,11262
203232,1370
238263,11262
204222,1304
154167,1370
247548,1370
210234,1370
244404,11262
195249,11262
201852,1370
206412,11262
250434,1304
250434,59822
61482,1370
206763,11262
183105,56714
164457,1370
197802,11262
154494,1370
206928,11262
222906,57414
219132,1370
197799,11262
66879,1370
60864,1304
254004,1304
208812,1370
206979,62074
210051,1304
225393,30500
251106,1370
181203,1370
246804,1370
228729,11262
173940,1370
60864,1370
242442,1370
206418,1304
210393,1304
234093,1304
203106,1304
181371,1370
191226,1370
236226,57414
188106,62376
213102,62376
213102,1370
198882,1370
187797,11262
230073,1370
225501,11262
72108,11262
225699,11262
195063,1370
251610,11262
154476,11262
186657,1370
165684,1370
243954,1370
208524,11262
197286,11262
208206,1370
252618,1370
226848,1370
165744,1370
206667,11262
251493,11262
64299,11262
227223,1304
154743,1370
236115,1370
88821,1370
220269,1370
203460,11262
211386,1370
243954,1304
225393,57414
220713,11262
206439,1304
217782,63510
166002,1370
250974,11262
219420,1370
178458,1370
163131,1370
72918,1370
153084,1370
165927,1370
212586,1370
153048,1370
226848,1304
165744,1304
229527,53160
207222,57414
210876,1370
210690,11262
204780,11262
252210,11262
213102,11262
181860,1370
212721,57414
204717,11262
228060,11262
206460,11262
208488,57414
62817,11262
235458,11262
210978,11262
164064,1304
206376,30500
153312,1370
176472,11262
211473,11262
223104,11262
232455,1370
129204,11262
208599,1304
208872,11262
184698,1304
236226,56714
154485,11262
178830,1372
249633,11262
186378,11262
183387,11262
64299,1370
64299,62376
156486,11262
217848,30500
206979,1304
183489,1370
183489,62376
71274,57414
165750,1370
208347,11262
244731,11262
194229,1304
207222,56714
166356,1304
188937,1370
210876,1304
226623,1370
236226,11262
153792,1370
206427,11262
251631,11262
242571,11262
154119,11262
232827,1370
196845,1370
157500,11262
224526,1370
194229,30500
208566,11262
72645,11262
71274,1372
244446,1370
153423,1370
253146,1370
188700,1370
187707,63510
186990,1370
208206,11262
184509,1370
153315,11262
208872,1304
182556,1304
249687,1370
187395,1370
188343,1304
167451,1370
25749,30500
212526,1370
186942,62376
221526,11262
208491,11262
207999,11262
67764,1370
248202,11262
187806,63510
164007,11262
62817,1304
67056,1370
244446,11262
235299,1370
66918,11262
207396,1304
223968,57414
244092,1370
172695,1370
167364,1370
208449,11262
248013,1370
154707,1370
188844,1304
72561,1370
164640,1370
204795,11262
203724,11262
237252,1370
179496,11262
61344,57414
223968,1304
64272,11262
212220,53160
249633,62074
186378,62074
217494,1370
253146,1304
210981,1370
153402,11262
64272,1370
165687,1304
179838,1304
211386,11262
246054,1370
225276,1370
158499,11262
208893,11262
208806,11262
230028,11262
204057,11262
250668,11262
181149,1370
154473,1370
198552,1304
231144,62376
231144,1370
222906,62170
222906,1372
198573,1370
161058,11262
254004,11262
210168,11262
187806,57414
187806,62378
197595,1370
218673,1370
156057,1372
216948,1370
191223,1370
163131,1304
178830,30500
192735,1370
183789,1370
178830,57414
206427,56714
208599,11262
173940,11262
206346,1370
206748,63510
212448,63510
197673,1370
231282,1370
208872,1370
203082,59822
128526,1370
155337,1370
184104,1370
154797,11262
154119,1370
188604,1304
209622,1370
172161,11262
128685,1370
203724,1370
208449,59822
176403,53160
156024,1370
156057,62378
214968,11262
244731,1372
184674,1370
231096,1370
224169,11262
242409,1304
191247,1370
164661,11262
253671,1370
204483,1370
227310,11262
202638,11262
188685,62376
188685,1370
212211,1370
206847,11262
183789,11262
221115,1304
167316,1304
206940,63510
72045,57414
176607,1370
206418,1370
153024,1370
194883,11262
190776,11262
204411,1370
186174,63510
212442,30500
220218,62376
189012,11262
211761,11262
251253,1370
203517,1370
155097,1304
227292,1370
199242,57414
62817,1370
187806,53160
166005,11262
183195,11262
234297,1370
229737,1370
252696,1370
72900,57414
59700,1370
250221,11262
204657,1370
65637,1370
234093,63510
203106,63510
198981,1370
250977,1370
217782,56714
186987,1304
230604,1370
230604,62376
211806,11262
247974,1370
186216,1370
210882,1370
203214,1370
153141,11262
184698,1370
64299,1304
207222,1304
71274,1304
198873,62378
206952,34092
60888,11262
198882,11262
202959,62376
202959,1370
207618,11262
218265,1304
211527,53160
222894,11262
211965,30500
208515,30500
203517,11262
246915,1370
157767,1370
154275,1304
165750,11262
164064,1370
242439,1304
223401,11262
209154,1370
231900,11262
188937,11262
157416,1304
187734,1370
128334,1370
222669,34092
222669,56714
235458,1370
217620,1370
206346,57414
249063,11262
212442,57414
242151,57414
166029,11262
128469,1370
242439,1370
61824,1370
198882,57414
243408,11262
183492,1372
253464,1304
206838,1304
249216,1304
243927,62376
243927,1370
153867,1370
228024,1370
211413,1370
183489,30500
225396,11262
71301,11262
195723,1370
191247,1304
66843,57414
183576,11262
153141,1370
187806,56714
227343,1304
153792,11262
222159,11262
25749,53160
223782,1304
250221,57414
176403,1370
66777,1370
222906,30500
88821,11262
210978,1370
203796,1370
204222,11262
206439,11262
210114,11262
161787,1370
187707,57414
183645,1370
154881,1370
206427,1304
188343,1370
185067,1370
191238,1370
242388,30500
231708,1370
186882,62376
186882,1370
61344,63510
187707,1372
176472,1304
176472,59822
154476,1370
251610,1370
251610,62376
243927,11262
210981,1304
163101,1304
164007,1370
242388,63510
209976,11262
209829,11262
253335,1304
198801,1370
208488,63510
217494,11262
197286,30500
186882,11262
66777,11262
247986,63510
217848,63510
167571,11262
242151,11262
236490,1370
243954,11262
179838,11262
183675,11262
72900,62074
222750,1370
182292,11262
234018,1370
234972,1370
183387,1370
189009,11262
204222,1370
208599,57414
227223,1370
227223,62376
167451,11262
244731,62378
66915,11262
236775,11262
181593,11262
249513,1370
207150,1304
206784,1304
192942,1304
206406,1304
174195,1370
204375,11262
178257,11262
215112,63510
218958,11262
174468,57414
174468,62378
251619,10652
234018,1304
234972,1304
182442,1370
210393,62074
234093,62074
157416,1370
254400,1304
187395,11262
190113,1370
204519,1370
203199,1370
250434,57414
72930,1304
163101,1370
222906,53160
212211,1304
183489,1372
253935,11262
231162,1370
207366,1304
245976,1370
188685,1304
208341,1370
72483,1370
254400,1370
227988,62376
227988,1370
204771,11262
206670,1304
206667,1304
206664,1304
211806,1370
205191,57414
72900,63510
242856,1370
242856,62376
129264,1370
248292,1370
167571,1370
254004,1370
206415,1304
184104,11262
61692,11262
211950,62074
187806,1372
202959,11262
204795,1304
229341,11262
250221,1370
64893,1370
186384,1370
153303,57414
66054,11262
229527,56714
203673,1370
159831,1370
230010,11262
212892,1370
210234,1304
238572,1304
219132,1304
179436,11262
222906,1304
206358,1304
183912,1370
72108,1370
154890,11262
232827,11262
209880,11262
247983,30500
248178,1370
157398,11262
203673,63510
165684,62074
243954,62074
153279,1304
206346,63510
212550,11262
156024,11262
252066,1370
155481,1304
254310,1304
206376,63510
206937,11262
223104,62376
251625,30500
220269,53160
212721,1304
129264,1304
202959,1304
167316,11262
206811,1304
154011,1370
212748,1370
190152,56714
204717,1370
220269,56714
208626,11262
208485,11262
208722,11262
226623,1304
236655,11262
211407,62074
224169,63510
229341,59822
229341,1304
210876,62074
227310,57414
188730,1370
66915,1370
204228,1370
164661,1304
182295,1304
233559,1370
203145,1304
206364,11262
234093,57414
203106,57414
210393,57414
176577,62376
176577,1370
194229,62378
194229,57414
157500,1370
183492,30500
72045,1372
88821,62074
248871,11262
207927,1370
206355,57414
206988,57414
206358,57414
203178,57414
224211,63510
160770,11262
229473,59822
229473,1304
208788,57414
211950,63510
242409,1370
198945,11262
251619,48980
175266,1370
207267,57414
206838,62378
183489,57414
188637,11262
187839,1304
207330,62074
209154,11262
209976,1304
209829,1304
209829,59822
183195,1372
211125,1370
204657,11262
199242,1372
251619,124
221331,11262
211473,1304
187806,1304
69249,1370
230604,1304
209154,1304
222204,1304
212586,11262
250020,1370
250668,1370
96444,1370
206439,1370
194229,10652
157416,11262
172590,1370
156063,1370
177474,1304
196722,1304
218673,11262
209622,63510
183468,1370
188844,1370
162957,1370
154887,1370
223968,56714
174468,11262
183195,56714
217782,1372
203166,11262
178257,1304
204054,1370
226662,57414
250947,30500
248373,30500
188730,11262
174279,1370
157398,1370
244380,63510
229536,34092
232035,1370
61692,1370
227295,1304
203439,1304
156063,1304
165687,62074
206748,57414
244404,62376
244404,1370
250275,57414
206823,57414
207102,57414
207102,62378
207366,57414
61344,30500
206346,1304
128526,63510
217782,57414
206418,63510
208590,11262
200502,11262
208761,11262
71766,11262
63690,1304
224169,57414
201741,1304
164007,1304
225393,33886
208350,62074
207129,57414
183195,57414
206364,56714
198873,1372
194388,11262
208473,11262
231900,1370
231282,11262
166128,1304
162603,1370
250653,63510
164064,11262
72918,1304
72918,59822
231909,1370
183195,53160
232827,1304
68676,1370
64959,1370
204480,1370
186951,1304
227670,1304
178830,53160
183576,1304
230028,62376
212442,1304
194229,56714
72645,1370
154068,1370
219231,11262
161526,1370
208692,11262
223728,11262
225747,1370
206784,62074
203820,1370
199242,56714
153999,1370
165750,1304
154770,62376
61482,57414
154743,1304
239556,11262
208524,1370
187263,1370
187263,62376
183213,56714
66843,56714
203133,1304
241389,1370
225012,1370
183489,53160
156486,57414
249294,1370
208449,1370
154827,11262
206838,1370
253464,1370
250749,1370
128469,1304
128469,59822
206952,1304
178458,30500
197529,59822
203775,1304
149634,1304
197529,1304
208872,62074
254436,11262
206415,62074
212301,1304
206427,62074
212721,56714
153642,1370
212430,11262
216108,1304
206940,57414
249294,30500
212526,11262
234297,30500
128334,11262
222906,56714
175293,11262
209697,11262
66924,11262
188787,63510
240939,11262
244380,1304
172503,1370
172161,63510
207243,62376
207243,1370
197286,57414
211527,10652
247983,63510
208500,11262
183672,1370
187707,30500
153756,1370
225276,1304
206670,57414
206667,57414
206664,57414
154404,1370
206376,57414
203178,1372
204519,11262
153084,11262
194424,63510
182295,1370
187707,1304
164640,1304
211950,1370
206406,1370
206415,1370
192942,1370
207150,1370
220302,1304
161667,1370
191247,62074
217380,62074
246054,11262
181746,1370
247983,57414
206361,57414
206361,62378
212445,56714
227988,1304
71271,57414
206427,57414
199242,63510
205821,63510
188787,1372
208893,1370
250434,56714
249567,1304
212721,63510
154275,1370
25743,57414
156057,63510
178458,56714
159330,1370
154011,11262
192300,1370
192300,62376
212721,62074
203259,62074
203439,62074
154887,11262
174513,11262
128901,57414
183573,11262
231144,11262
72045,56714
188331,1304
225699,1370
238572,1370
220269,1372
251829,63510
247632,11262
178830,1304
207216,1304
250653,57414
158499,1370
225672,11262
204762,62074
183105,53160
72930,63510
56871,1370
155097,1370
155097,62376
61902,1370
72045,1304
208872,30500
183213,63510
249081,1370
197676,1370
194229,124
247029,1370
205191,56714
224526,11262
128502,63510
211815,1304
208515,63510
225393,62074
156057,53160
72561,11262
164337,1370
212283,11262
231876,11262
153303,11262
223968,1372
198210,63510
224211,57414
208116,62074
174468,56714
63690,62074
204243,11262
225501,1370
161208,1304
210051,1370
64353,1304
158274,62074
247962,30500
206427,63510
203532,1304
232068,1304
252081,56714
207339,56714
211761,1370
238068,1370
72045,63510
219021,11262
206427,1370
211407,1370
202638,62378
210633,11262
206988,62074
250275,62074
64218,1370
72900,1370
154146,1370
246963,1370
242442,30500
203268,62074
203256,62074
197286,63510
191553,11262
191223,59822
154797,1304
66843,63510
192159,62074
206787,1304
183492,1304
64734,1370
203820,11262
187707,53160
224925,1370
203829,1370
63690,1370
128502,30500
128901,1304
128901,59822
244731,53160
204375,1304
194229,1372
183492,63510
249486,56714
194229,53160
154509,1304
203790,1370
206811,62074
211812,1304
211527,48980
224211,1372
67335,1304
66843,53160
212721,1372
198882,1372
61482,11262
187707,56714
184710,1370
247956,1370
248550,1370
212112,62074
203271,62074
72558,57414
229536,30500
230073,1304
155100,1304
225393,48980
229977,56714
232035,11262
253506,1370
249216,1370
206355,1370
206823,1370
206358,1370
208788,1370
172161,57414
204780,1370
208599,1372
187101,11262
245976,11262
220269,11262
217782,61280
207087,56714
163131,57414
71271,1304
212442,62074
207240,1370
186987,57414
220269,57414
179496,1304
200508,1370
236775,1370
230331,1370
247974,11262
229341,1370
246627,1304
201564,59822
201564,1304
186657,11262
72045,30500
197595,1304
210114,1304
251442,11262
176403,63510
227310,1370
227988,62074
223071,1370
207144,1370
206811,1370
205959,11262
247989,1304
61482,53160
129135,1370
154707,11262
236226,30500
67158,1304
222669,63510
251619,54096
154803,11262
230028,1304
203871,1370
198882,1304
225276,11262
250221,1304
254196,11262
154551,11262
71301,1370
205821,62170
205821,1372
206979,57414
66924,1370
211407,56714
171702,62376
171702,1370
232068,1370
234951,56714
166362,11262
251721,1370
248301,57414
163131,63510
246711,56714
211407,1304
211407,59822
244404,63510
206991,1370
183213,1370
206376,1370
153885,1370
252177,1370
208584,1370
203151,1370
251253,1304
207096,59822
207096,1304
225669,1304
206745,1304
210120,1304
203532,11262
72108,1304
154953,11262
221751,59822
232269,56714
123150,1370
195723,1304
236226,1304
233559,11262
88920,1370
195723,30500
198882,30500
242151,1372
153204,11262
246963,30500
154881,11262
243408,1370
160770,1304
211125,11262
166362,1370
204144,1370
248724,1370
178458,57414
184950,62074
241329,11262
252480,1304
227829,1304
211533,1304
171372,11262
184113,1304
253647,56714
194790,1370
240912,1370
194790,1304
242151,63510
207828,1304
196845,1372
247986,56714
154518,1304
203736,1370
253647,63510
247962,63510
204144,11262
249081,11262
172419,62376
172419,1370
246858,30500
251106,11262
186327,1370
166995,59822
166995,1304
203181,1370
208473,62376
206748,33886
163377,1370
227829,1370
195447,1370
203700,63510
250434,1372
207396,1370
196845,57414
207339,30500
207999,1370
154803,1304
234120,11262
253464,62074
190152,30500
163101,63510
66918,1304
185244,59822
157767,1304
243390,11262
178458,63510
219021,1304
183489,1304
123150,59822
123150,1304
236115,1304
210882,1304
214968,62376
214968,1370
156225,1370
206940,63538
209994,11262
186216,1304
253935,1304
206442,56714
25749,57414
154578,1304
248796,1304
71271,1372
251142,1304
251142,59822
163101,57414
195447,62074
249207,1370
247962,56714
206481,30500
165927,1304
154821,1304
218958,1370
206787,62074
253866,63510
253935,1370
250947,57414
247878,11262
210981,62378
210981,57414
206847,1370
188331,30500
238689,1370
212478,1370
206748,59394
191250,62376
191250,1370
241305,1304
207102,62074
157767,57414
212448,62074
206748,62074
206940,62074
251967,57414
250221,1372
222204,11262
203733,63510
188100,1370
242430,11262
176403,1372
245631,57414
187962,1370
248250,63510
203241,63510
213885,30500
72558,1372
225393,1372
197799,1370
161787,1304
208206,1304
248373,57414
174513,1370
251442,1370
206481,63510
205728,1370
153960,11262
253866,10652
198945,1304
248301,1372
203700,57414
187734,1304
191451,1370
193323,56714
248013,63510
212112,63510
196722,63510
228315,1370
228315,62376
154098,11262
232068,63510
251625,57414
225501,30500
186384,63510
206625,59822
206625,1304
206433,34092
206433,56714
206349,56714
207597,1370
203151,63510
238875,1370
154494,1304
71766,1304
202638,63510
153303,1372
251967,59396
203268,63510
206076,63510
203256,63510
153726,62376
213885,56714
230073,30500
181371,1304
212301,62074
66777,1304
207105,1304
154797,63510
62817,1372
72558,1304
206748,59396
198882,63510
205959,1370
183666,1370
245631,1304
250221,56714
249687,57414
211965,1304
203574,63510
203889,63510
192771,63510
229521,63510
199860,63510
223554,63510
203052,63510
192756,63510
129153,63510
203058,63510
25743,30500
222159,62376
154797,57414
71766,57414
182292,59822
182292,1304
186882,1304
129264,62074
250653,1304
206448,56714
206376,59394
204717,1304
164640,11262
212211,57414
208053,1370
194229,35846
213885,63510
189012,1304
149634,63510
192159,63510
207222,63510
242856,63510
251829,1304
71271,34092
234021,1304
153960,1304
72930,1370
184635,1370
184635,62376
232404,56714
183105,1370
203232,63510
223728,1304
208692,1304
208599,63510
157224,1370
153381,1370
251967,33886
172587,1370
211548,63510
207243,56714
212748,57414
235932,56714
252081,1370
66843,1372
249294,63510
211527,51974
207216,62074
68676,11262
62337,50274
207084,1304
206361,62074
247983,62074
210834,63510
176403,57414
205662,63510
204795,57414
203724,57414
207996,1370
183213,57414
239556,1370
197286,1304
226662,34092
25749,1304
25749,59822
195249,1304
183576,62378
182292,1370
154098,62376
154098,1370
200259,57414
236655,1304
208692,1370
223728,1370
198981,1304
198981,59822
154113,11262
216108,57414
210678,1304
227115,1304
239247,1304
220302,63510
203232,57414
205821,1304
174468,1372
250020,1304
188331,34092
188331,56714
244731,59822
225393,51974
186174,56714
224169,1372
182556,11262
245631,1372
154956,1370
207387,11262
206349,1304
206433,1304
206349,59822
249294,57414
231282,1304
237300,1304
206697,1304
206448,1304
208347,56714
208347,34092
246150,63510
206637,59822
206637,1304
162957,62074
154167,63510
192159,57414
149634,57414
197529,57414
206748,51974
154041,11262
217782,124
203295,1304
203301,1304
211527,54096
190152,59822
225393,33534
66879,1304
241824,1304
206412,1370
196302,63510
249567,11262
203133,63510
212301,57414
62337,56714
248706,62376
248706,1370
204657,1304
242856,1372
187659,1370
61305,1370
183489,63510
181662,1370
222204,1370
211749,53160
207618,62376
212748,63510
220713,57414
72645,1304
198279,63510
154551,1304
228060,56714
212442,1372
247878,1370
193323,1304
208599,30500
248373,63510
216822,30500
247134,1370
210633,1370
163044,1370
244278,57414
245976,57414
183573,57414
154068,11262
220302,57414
129081,30500
248061,11262
211140,50274
208053,11262
188106,1304
188106,59822
229527,1372
155388,1304
171702,1304
232827,63510
72483,30500
192564,1372
178458,53160
209994,1370
205665,63510
209994,1304
249294,1304
248373,1304
238263,63510
211950,1372
217848,1370
244404,57414
223968,63510
60888,1372
63690,63510
176319,1304
154797,1372
217848,57414
188604,1370
156057,30500
206376,59396
250434,62074
197835,63510
71271,53160
191247,63510
128469,62074
189045,62376
189045,1370
216948,1304
154542,57414
186438,1370
192300,63510
194229,33534
235299,1304
242856,57414
224931,1370
224931,62376
65052,1304
227469,57414
225396,62376
225396,1370
156486,34092
156486,56714
177672,57414
178257,57414
206376,51974
128901,56714
225699,1304
221115,57414
166005,1304
227310,1304
208491,1370
189045,11262
156486,30500
232827,57414
186216,11262
65598,56714
242571,63510
251631,63510
208788,1304
205731,63510
203310,63510
204780,1304
129135,63510
203784,59822
129081,62074
213102,1304
65640,1370
246963,59394
153402,57414
154077,11262
250434,11262
205659,1370
205659,62376
206376,62074
220095,1370
251625,63510
167316,57414
232614,1370
232614,62376
154890,63510
153024,1304
153024,59822
154560,1304
251493,62074
224211,34092
184950,1372
187797,59822
223089,56714
197595,11262
198573,59822
223104,63510
25749,56714
206988,63510
206358,63510
212442,33886
203517,1304
253935,30500
206376,53160
67056,59822
67056,1304
206952,10652
61692,57414
206376,33886
59691,1304
232029,1370
183492,53160
183105,10652
203871,1304
68676,1304
222750,1304
211140,56714
178458,1304
242556,62376
242556,1370
153885,11262
228729,1304
217848,1304
253866,56714
207240,62074
154077,1370
232455,62074
192942,63510
206364,1304
244680,1370
231876,1304
232269,1370
232269,62376
212469,62074
203724,1372
204795,1372
247548,1304
205821,10652
154827,1372
230286,1370
198801,56714
232068,57414
62817,63510
212469,1304
212220,10652
189009,1370
189009,62376
208521,63510
212448,53160
203328,63510
207999,56714
75723,1304
224841,1370
253557,54096
204795,30500
165183,1370
208488,56714
204375,62074
25749,10652
159831,11262
187395,1304
206943,1304
206943,59822
204795,63510
194229,33886
153438,1304
203328,1304
224631,57414
216366,1370
251253,11262
72930,57414
153792,1304
248871,1304
164457,57414
72561,59822
72561,1304
236766,1304
253098,1304
191226,63510
203871,63510
158499,1304
61482,1304
254310,30500
203073,63510
204093,1304
206406,57414
192942,57414
206415,57414
217620,1372
204780,63510
220218,63510
220269,1304
163131,30500
208524,57414
154890,57414
216366,30500
211815,57414
153150,57414
187797,1370
203073,57414
248061,1370
247374,57414
206979,56714
225669,1370
246804,1304
216498,1370
206364,63510
172590,1304
180471,11262
202959,57414
206637,56714
231162,57414
208788,1372
211527,1372
65637,1304
25749,1372
25749,62170
165786,63510
186990,1304
219450,1370
252210,63510
154473,1304
206937,63510
68568,1370
209793,56714
213987,56714
210825,63510
248796,63510
71409,1370
222906,10652
211533,57414
191553,1372
188700,63510
253146,63510
206988,56714
72645,63510
196845,10652
206406,63510
182565,1370
203259,63510
220269,63510
208491,63510
221526,63510
206433,57414
166128,62378
222306,1304
203322,1304
247374,56714
247374,34092
182565,34092
182565,56714
222669,33886
212283,1370
187743,1370
212550,1304
235299,57414
249222,30500
237057,1370
238536,11262
206811,57414
206811,62378
207144,57414
181593,1370
172161,1372
243390,1370
25743,1372
154476,1304
251610,1304
211527,59394
206748,62170
206748,1372
212448,1372
153960,57414
203700,10652
207828,1370
249855,56714
197676,1304
193323,57414
206451,57414
61899,63510
64860,1370
154869,1370
210825,1370
210825,62376
207102,63510
154041,1370
251619,59396
188331,63508
157500,56714
216948,56714
208506,57414
208806,57414
208893,57414
225501,63510
230010,59822
242619,62074
208347,63510
209622,10652
241203,1304
196845,1304
179496,1370
208524,63510
64353,1370
210168,57414
183921,1372
227469,1372
208599,56714
159033,1370
253053,62376
206361,33886
253416,1304
206367,1304
206418,56714
183213,53160
201282,62074
154707,56714
225393,59394
62817,56714
63690,62378
63690,57414
211476,1370
187101,57414
242412,57414
210234,10652
188637,1304
213114,56714
241026,56714
180195,1370
180195,62376
60888,63510
154578,57414
252480,57414
72645,57414
254400,1372
253935,57414
61977,62074
206856,62074
220302,62376
232269,30500
212220,124
196302,57414
206955,57414
209697,1370
193323,63510
206376,1372
247002,63510
210897,57414
154803,1372
164064,57414
164064,62378
213513,1370
188844,11262
215112,10652
211548,30500
206376,1304
166128,11262
153867,56714
211344,30500
225393,39186
244404,1372
223071,11262
203796,63510
203460,56714
188730,59822
188730,1304
176472,57414
232035,1372
177951,1304
198882,62074
206637,63510
190113,57414
187101,1372
187101,62170
206460,1304
228060,1304
154770,1304
251610,63510
154707,1372
211473,57414
211965,1372
211965,62170
219381,1370
219381,62376
212211,1372
222906,59396
248202,1370
153084,34092
234021,56714
199479,1370
199479,62376
250629,30500
216648,30500
59703,30500
199860,30500
66378,30500
203574,30500
192771,30500
229521,30500
129153,30500
206418,30500
204243,1370
204243,62376
191232,62376
191232,1370
206433,63510
248871,1370
207366,56714
207102,56714
206823,56714
242388,33886
238263,57414
238263,62378
71766,1372
248796,57414
167364,1304
206811,63510
210690,62376
208206,63510
193323,62074
155016,57414
191232,63510
207096,57414
186657,1304
173940,1304
153312,1304
167364,30500
210171,1370
227292,63510
204057,1304
185067,1304
212445,63510
206349,62074
179088,62378
250947,1370
203178,53160
246963,59396
192564,1304
199854,1372
194229,16358
211383,62074
234297,57414
252210,57414
203532,62074
252177,59822
191892,56714
249216,63510
199854,57414
209073,63510
195582,63510
179790,11262
203790,30500
206952,1372
208893,63510
211527,39186
158274,57414
203775,57414
215112,53160
159831,57414
254196,34092
254196,56714
242442,1372
248301,56714
204780,57414
253647,30500
254400,56714
176403,124
203460,57414
242856,10652
253416,56714
210234,59396
210234,62274
72483,63510
210840,62074
252696,11262
225393,35846
208341,10652
157938,1304
176403,33886
227670,57414
211344,53160
61824,56714
192564,56714
192564,34092
216822,56714
172503,1304
199479,11262
232035,30500
210342,62376
248250,57414
203241,57414
247983,1372
226848,63510
225393,1304
191553,57414
253557,57414
194229,54096
60888,57414
232827,1372
203829,57414
129204,57414
246099,57414
197835,57414
231225,57414
251619,3382
153438,57414
229527,10652
224526,1304
206748,1304
212448,1304
211965,1370
188106,57414
198882,56714
251631,30500
198801,11262
238887,1370
180471,1370
249930,59822
176403,1304
210000,1370
210000,62376
221610,11262
210171,11262
203151,59822
251619,63508
154032,11262
192564,10652
213102,30500
197286,1372
203784,57414
203784,62378
208788,56714
183489,59396
203058,59822
192756,1304
192771,1304
224145,1304
216648,1304
251085,1304
129153,1304
210441,59822
229521,1304
63582,1304
203889,1304
253998,1304
203058,1304
59703,1304
210846,1304
203112,1304
203052,1304
250629,59822
199860,1304
69060,57414
215298,57414
206427,62170
206427,1372
154542,1372
203259,57414
227310,56714
224208,56714
203133,57414
203133,62378
198945,1372
208503,63510
72918,63510
203145,57414
227292,56714
154881,1372
201564,62074
246627,62074
72930,1372
211641,1304
211641,59822
194424,57414
203256,57414
247632,1372
203445,62378
66879,57414
246711,57414
209622,56714
210876,63510
242151,56714
203214,63510
232455,63510
206697,63510
244287,57414
128526,1372
166029,1304
208626,63510
208722,63510
251631,1370
128526,53160
25743,56714
25749,124
206376,48980
198873,53160
203316,30500
194790,63510
166437,57414
65058,59822
208722,30500
211749,56714
64959,63510
248724,1304
227238,1370
242856,56714
209622,1304
209622,59822
190776,1370
190776,62376
194883,1304
157767,56714
217002,57414
243390,63510
66843,10652
242430,1370
154551,57414
154881,57414
241824,1370
242619,1304
154068,57414
156024,1304
232455,57414
215112,57414
208533,57414
208524,30500
208506,30500
207927,57414
216948,1372
66465,1370
203181,57414
65067,62378
247983,59822
247983,1304
174468,63510
212574,1370
212574,62376
206748,10652
211527,59396
196722,57414
221526,62378
208491,57414
243927,63510
217002,1304
129204,30500
206475,56714
238878,63510
206412,62074
246963,62074
196302,62376
194424,56714
65631,1304
204375,57414
239247,56714
242412,1304
238878,57414
239247,1370
231876,63510
217848,10652
222306,30500
203322,30500
205731,30500
183468,62378
193965,56714
207267,1372
161208,11262
234297,63510
208533,1304
208479,1304
210978,63510
216108,1372
208521,57414
156486,63510
61692,1304
217782,51974
232269,1304
219420,59822
219420,1304
227988,57414
246339,59822
208566,1304
153150,56714
209073,1304
249063,62170
223104,57414
156057,56714
206940,35846
199854,56714
195063,1304
196845,30500
211542,11262
188331,54096
246858,10652
203796,56714
203796,34092
157854,56714
187659,56714
161667,1372
252081,62074
205815,1370
197286,56714
206748,48980
183921,1304
183921,59822
191226,57414
178458,1372
178458,62170
242619,56714
72117,57414
213102,62378
213102,57414
221751,57414
190776,56714
224208,11262
248301,10652
231225,1372
212586,63510
200502,30500
208761,30500
207243,57414
206376,10652
237300,62074
238608,57414
203328,30500
205191,53160
198210,56714
232035,63510
189012,57414
234093,56714
236766,1370
253098,1370
194388,1370
210840,57414
183573,62170
153048,57414
60762,50274
222306,62378
203310,57414
203322,57414
205731,57414
187707,10652
175293,63510
244287,56714
213513,63510
250221,30500
209073,30500
210114,62074
244287,1372
195372,56714
246150,57414
246150,62378
225669,63510
249930,57414
184698,57414
65640,56714
251631,57414
174279,1304
230286,11262
163131,1372
61977,1370
208812,30500
195063,57414
59700,11262
209880,57414
206823,1372
250275,1372
206991,1372
153381,1304
208806,1304
208506,59822
246339,57414
197286,1370
183195,30500
228729,57414
154032,1370
154032,62376
166128,1372
182556,57414
207129,1372
215112,39186
176577,11262
64860,11262
250653,1370
250947,1372
242130,56714
161208,56714
203295,11262
208536,11262
238689,11262
153792,63510
182565,11262
238827,1304
208590,57414
208554,57414
211950,56714
212775,1304
59691,63510
208722,57414
208485,57414
196455,57414
222906,63508
251721,11262
210129,11262
252468,11262
66777,57414
203145,62074
183450,57414
177951,1372
247002,34092
184698,1372
186174,63508
203151,56714
128334,1372
192300,59822
229620,1304
212892,1304
203166,63510
197802,63510
206928,1372
238572,1372
210678,57414
187395,63510
194082,57414
194082,62378
209073,56714
245976,1372
248301,62074
200502,57414
250653,56714
248724,62074
237804,57414
248250,62074
206358,1372
186657,57414
197835,1372
197835,62170
204057,56714
222906,61280
206697,56714
249081,1304
244278,63510
213102,56714
232035,1304
232035,59822
206664,1372
206667,1372
71766,63510
207129,63510
198573,1372
203796,1304
184950,63510
188196,1372
206481,33886
166029,56714
183105,59396
237300,57414
250653,62074
211533,1372
230331,57414
232035,62074
129081,10652
209880,63510
206475,1304
232269,57414
183450,1304
153048,56714
244380,53160
234120,56714
153642,56714
203733,1370
213114,30500
248724,56714
61977,1304
61977,59822
206856,1304
246804,62378
248550,56714
154740,57414
208491,30500
238827,56714
154578,1372
203811,1370
228060,62074
197286,53160
194082,59822
194082,1304
207105,56714
203178,34092
247986,57414
236655,1372
211527,59822
211527,1304
59700,56714
230073,56696
230073,35732
206763,63510
251235,56714
153303,56714
153303,34092
221526,1304
72930,56714
64218,1304
220269,35846
71271,35846
65640,11262
251235,1370
207387,1370
253671,57414
208500,1304
201837,1304
188844,1372
163101,1372
166437,1372
254400,62378
254400,57414
248202,1304
227664,63510
163101,56714
177474,57414
153303,63510
200364,57414
234018,63510
234972,63510
197673,56714
212469,63510
204519,1372
188100,56714
230178,1370
172419,56714
222204,56714
249633,63510
186378,63510
154998,11262
203790,63510
196845,56714
129081,56714
211965,56714
208515,56714
207927,1372
252210,1370
157680,1370
164541,62378
167571,59822
72930,35732
174279,56714
154167,57414
230028,63510
203829,63510
208812,62170
244158,57414
234972,30500
249687,1372
176319,62378
176319,57414
61305,1304
208788,53160
231909,57414
213114,62074
228315,1304
198945,63510
64218,56714
65577,1372
183105,39186
242442,1304
218061,1370
183666,63510
155031,1372
128469,57414
218958,1304
208524,1372
219450,62074
235458,62378
212220,1304
162603,1304
176403,50274
203295,62074
238689,62074
187806,62860
164457,1372
157398,63510
204657,63510
129081,57414
178818,1304
183573,63510
218265,57414
155097,1372
216822,1370
207999,63510
212637,30500
238827,30500
211815,63510
222906,54096
250434,63510
232404,62074
224841,57414
178257,56714
175266,11262
216108,63510
232455,10652
157224,1304
155097,57414
246150,1372
208788,62074
247260,56714
181149,1304
213102,63510
187263,1304
187221,56714
208524,62074
254196,63510
252066,63510
128526,57414
128526,62378
212550,1372
224526,62378
224526,57414
206364,57414
211473,56714
166029,1372
207267,34092
205659,57414
212469,57414
210678,1370
237300,1370
207222,59396
246711,1372
211383,63510
193323,30500
229341,62074
198522,30500
198882,53160
186951,62378
222306,1370
186438,56714
211386,63510
190152,33886
233091,56714
210234,48980
197802,56714
188937,57414
203142,62378
208350,57414
195723,63510
174468,30500
229977,1372
203673,10652
203199,1372
154485,1372
184113,1372
153960,1372
166995,63510
157500,53160
211533,124
154743,62170
154743,1372
196302,30500
211527,61348
154167,1372
193323,1370
206448,62376
206448,1370
201837,62074
187707,63508
187707,62860
153315,57414
220713,63510
204093,57414
72900,56714
247983,53160
206361,53160
202818,11262
208506,1372
153312,57414
207129,56714
177672,1372
187743,1304
175266,1304
172587,59822
172587,1304
61692,1372
203058,62074
63582,62074
192771,62074
203052,62074
203112,62074
238377,62074
253998,62074
59703,62074
250629,62074
161526,63510
225501,56714
212892,1372
230178,1304
212283,1304
165927,57414
172161,62074
187659,30500
198855,56714
153084,1372
198981,1372
71409,11262
213102,1372
65052,63510
230073,62378
155055,56714
71301,57414
251442,62378
240939,1304
206433,30500
212478,63510
186384,1372
237057,1304
254004,63510
208500,1372
183195,124
206481,1304
179496,63510
233559,1304
249486,62170
187734,57414
196845,53160
176319,1372
212442,10652
187101,30500
242412,1372
207588,1304
154119,62170
184113,57414
240990,62378
203889,57414
203052,57414
203112,57414
192771,57414
203058,57414
216648,57414
240990,57414
192756,57414
253998,62378
199860,57414
238377,57414
203574,57414
253998,57414
203889,62378
224145,57414
250629,57414
223554,57414
212220,50274
164457,34092
208524,56714
177873,56714
231162,34092
212748,1372
227343,1370
167652,1370
172056,62376
172056,1370
71766,56714
229527,59396
212220,16358
154758,11262
219450,1304
154890,35846
208485,1304
250653,53160
61977,30500
212469,34092
179436,1372
222669,53160
204480,1304
154770,56714
154770,34092
207216,63510
209793,1304
246339,1370
246339,62376
195723,62170
164064,1372
157500,1372
212430,57414
205731,62074
222306,62074
208500,63510
204057,63510
252210,62074
128526,1304
61692,56714
246627,34092
201564,56714
201564,34092
176403,35846
66843,124
154698,56714
154698,34092
211476,11262
203517,30500
249567,56714
249567,34092
183105,57414
183489,10652
216498,63510
234972,62074
250221,63510
246858,53160
251619,1304
181593,56714
206367,1370
210897,62376
253416,1370
183573,56714
242412,56714
248064,1370
248064,62376
211473,1372
251967,1304
206667,56714
206664,56714
251493,56714
187962,63510
219048,63510
210981,56714
176472,1372
237252,63510
178830,10652
154011,57414
164337,1304
186384,57414
177873,1304
183468,30500
206667,63510
251493,63510
154077,56714
205959,63510
246627,30500
62817,30500
161787,1372
208806,56714
208893,56714
64959,57414
163251,1372
248301,63508
163131,56714
176403,16358
220302,30500
128526,35732
254436,30500
208521,1304
219021,63510
183195,35732
154494,57414
188331,61280
155052,62376
155052,1370
215298,30500
222894,1304
197802,30500
208491,56714
221526,56714
208572,56714
206823,30500
217494,63510
155388,1372
242388,59396
252696,1304
244287,53160
224169,62074
211125,57414
195249,63510
221331,1304
221331,59822
60888,35732
251631,34092
251631,56714
220269,124
186216,56714
181662,63510
156024,62378
250947,56714
194229,39186
154779,11262
237057,62074
213513,1304
223071,56714
72045,10652
71271,35732
244479,63510
172419,59822
229737,62378
59700,59822
213114,1370
88920,63510
232614,56714
249633,56714
186378,56714
186378,34092
246216,57414
207102,30500
189009,59822
189009,1304
210690,56714
153792,57414
128469,30500
203133,56714
154494,1372
235458,1372
172056,57414
203259,56714
252480,1372
252480,62170
153756,1304
25749,54096
246963,63538
213114,57414
227616,62378
222906,35732
66843,63508
234120,62378
184674,57414
248796,1372
177474,1372
186990,30500
215298,56714
186174,16358
232068,35732
156057,63508
228060,30500
208722,56714
206361,10652
179853,63510
183921,11262
161787,62378
248724,57414
245631,63510
203151,57414
234156,57414
241824,62378
2061063,1370
222669,59396
188730,56714
156024,1372
249687,63510
203214,57414
210882,57414
183213,63508
225747,57414
176643,1304
227973,56714
230286,56714
220218,57414
198210,62860
181149,57414
203673,30500
188100,57414
210114,30500
206475,57414
167256,59822
205959,1304
235932,1370
199854,11262
188637,56714
231876,56714
249855,62376
246963,62170
246963,1372
246963,59822
183672,63510
222204,63510
208536,56714
203301,56714
238689,56714
249579,1304
154434,1372
246858,33886
207084,1372
249081,57414
211548,62074
181662,1304
251967,50274
188730,30500
235932,57414
220269,54096
183105,1372
249294,56714
251625,63508
210168,62170
210168,1372
212256,57414
224169,56714
222906,33886
61899,63508
206748,54096
210834,56714
155388,53160
64893,63510
208533,62074
197529,56714
182292,63510
165786,57414
154275,1372
192300,57414
160770,57414
154890,56714
167364,1372
172419,57414
238536,1370
251829,56714
204924,50274
67335,1372
192735,63510
213114,1304
227616,1304
241026,1304
241026,59822
228948,1372
247956,63510
154011,56714
187734,56714
231708,63510
69060,56714
183492,63508
197595,56714
71301,1304
56871,62170
56871,1372
154077,1304
88920,57414
128901,30500
225672,1370
204144,1304
237057,57414
187659,1372
206412,56714
177951,62378
72558,56714
203673,57414
227670,30500
201798,56714
251619,42132
154743,56714
189012,63510
72558,63510
210978,57414
217380,56714
227670,34092
158274,56714
207996,1304
218265,56714
242442,54096
187797,57414
206460,62376
228060,1370
211641,56714
253935,63510
242442,39186
166356,62170
208206,62170
244278,56714
149634,30500
203790,1304
203790,59822
208500,34092
201837,56714
208500,56714
59700,57414
217002,1372
226623,62074
249294,10652
217782,63186
230178,63510
228729,56714
208554,62074
153726,57414
251721,56714
197595,62378
192159,56714
203232,56714
206460,62378
229536,10652
187806,61280
66054,57414
238263,62376
206952,63508
184710,1304
184710,59822
204519,63510
226623,57414
231876,62378
241305,56714
72561,57414
207999,30500
194883,1370
188331,63136
65313,1372
203241,30500
225501,1304
207465,59822
72930,53160
251967,124
154098,1304
154068,1372
222750,1372
229341,57414
154011,30500
165687,63510
60864,56714
211386,57414
231144,56714
191556,63510
183366,11262
251721,62378
231282,56714
192942,30500
203256,30500
203268,30500
153867,1372
234297,63508
203133,30500
235299,1372
205815,1304
157938,57414
208722,62376
196455,62376
227343,63510
175266,57414
175266,62378
232269,1372
208584,1304
252468,1304
206748,39186
210129,57414
208584,57414
176319,63510
247134,30500
205959,30500
154560,1372
208584,1372
210129,1372
198981,11262
190152,10652
188331,59396
181860,1372
229620,30500
203145,56714
224280,56714
157500,10652
192714,56714
254400,30500
216033,1372
206838,30500
231900,1304
231900,59822
211386,56714
206943,1372
197286,63508
203094,56714
237765,59822
237765,1304
208536,1304
246963,50274
155052,56714
203151,30500
247983,62274
188100,30500
72900,33886
246711,11262
216108,56714
234018,57414
183105,59822
183105,1304
206940,63418
243927,57414
212448,63508
206748,63508
247878,63510
72918,57414
212220,42132
246963,54096
187707,54096
250977,1372
249063,56714
179700,1372
248061,30500
247002,59822
248178,1304
167571,57414
153084,63510
178458,63508
206367,30500
213987,63510
223968,10652
183213,54096
157938,63510
188100,1304
188844,63510
194229,48980
157500,35732
232452,63510
215517,1304
207330,56714
249633,33534
186378,33534
187221,1304
246054,1372
211473,63510
212301,56714
234972,1372
225393,63186
206427,33886
251253,57414
247632,30500
208554,1370
203532,57414
219132,30500
64218,62378
221115,56714
201741,56714
220302,62170
183489,61280
206748,124
249513,56714
204483,1372
246099,56714
172419,1372
176403,63186
65640,1304
181149,56714
153756,1372
248250,56714
205947,34092
244731,54096
233091,57414
217782,61348
254196,1304
203268,56714
203268,34092
206076,56714
212445,50274
196455,62074
219048,1372
209697,63510
246627,1372
65631,30500
62337,57804
219420,1372
208491,62074
212301,1372
154476,57414
218673,62378
157224,56714
157224,34092
192300,1372
248292,57414
203178,39186
194388,57414
72918,62074
206952,39186
209829,62074
162792,1370
242151,62860
65637,57414
208449,62378
156057,124
177873,62378
176403,61280
221331,63508
244158,56714
207996,56714
72918,1372
208491,1372
71409,1304
217782,62860
217782,63508
227310,63508
203073,56714
191250,63510
207243,30500
64299,56714
183573,62074
211527,42132
201741,62170
153642,57414
66054,1372
250977,57414
211140,57804
211140,36720
153885,56714
153885,34092
252480,63510
198981,56714
252177,56714
172503,57414
248178,62378
206433,1372
248061,57414
188937,56714
167316,56714
209829,56714
209793,30500
210234,39186
206940,63508
206940,62860
65058,63510
64299,1372
198873,59396
249930,1372
128334,63510
183450,63510
246150,30500
201564,57414
201564,62378
246627,57414
210000,1372
218061,1304
225393,50274
234864,63510
71274,33886
161667,63510
224169,10652
206448,62170
206451,1372
241389,59822
241389,1304
203517,57414
207996,30500
191223,63510
200502,1370
244446,1372
233970,56714
64893,1372
163251,56714
186378,1372
247989,56714
172503,30500
247974,63510
212430,56714
227292,10652
153792,1372
222906,39186
175266,1372
154803,34092
183645,63510
225501,57414
188331,39186
188331,63418
241329,63510
188937,1372
64299,30500
176643,56714
191232,56714
252210,1372
157680,62170
203259,30500
203439,30500
166362,1304
164640,63510
206940,33534
153756,57414
242388,59394
153024,62170
212748,1304
25749,59396
190113,56714
250977,62074
166437,56714
187707,59394
211950,10652
154473,57414
186174,35846
208554,56714
248871,62074
250653,33886
231708,57414
67314,56714
211812,56714
229527,56696
244680,56714
59703,56714
210846,56714
203052,56714
224145,56714
203058,56714
203112,56714
129153,56714
238377,56714
224145,34092
229521,56714
205122,56714
216648,56714
223968,63508
208515,33886
211965,33886
206811,56714
207144,56714
186327,1304
128469,1372
212526,62074
187707,39186
66879,56714
154011,63510
210342,1304
192735,57414
211344,33886
208116,30500
153315,62170
153315,1372
249294,53160
172056,1372
242388,39186
183666,1304
187707,61280
224211,63508
181110,56714
181110,34092
154881,63510
240939,57414
220713,30500
208521,62074
183387,30500
225501,35732
254400,35846
251106,63510
153726,1372
210393,33886
209976,62170
254004,57414
172161,30500
211047,57414
88920,1372
129135,57414
184113,30500
60864,1372
254310,34092
254310,56714
198855,11262
221115,1372
178458,33886
197835,30500
191247,56714
183387,57414
211641,57414
206418,33886
207330,1372
187839,63510
206979,1372
224841,56714
224841,34092
200508,1372
172161,10652
240939,56714
72108,1372
185067,62074
166029,30500
224925,59822
179790,30500
183645,1372
71271,16358
188196,62074
128901,53160
187734,62074
156057,10652
197286,10652
209622,62378
209622,57414
241329,56714
251442,56714
221610,1370
154887,56714
154146,1372
187734,1372
181149,1372
242439,57414
222669,1372
195582,30500
156486,62074
88920,1304
156486,10652
212256,62170
249930,62074
206346,51974
203871,34092
164661,56714
247632,63510
65640,57414
207216,1372
167316,1372
211386,62170
211386,1372
238689,30500
153315,63510
249567,62074
248202,56714
236115,30500
204771,62378
244731,63508
206787,62170
232068,10652
129135,1372
187806,59394
239577,30500
251442,63510
188685,1372
194388,30500
251625,33886
218958,63510
246150,10652
252618,57414
207999,1372
243390,57414
244680,57414
253671,1372
188331,59394
230286,1304
66843,54096
154869,1372
66918,1372
252210,56714
246150,62074
195063,30500
207996,63510
230331,1372
154770,57414
251619,36720
198279,30500
217782,63136
188787,62860
241389,57414
194229,59396
207828,30500
242442,59396
183450,1372
227664,1370
206799,56714
253647,1304
253647,59822
61344,39186
248013,62074
206376,39186
200259,63538
186174,39186
204375,63510
183387,34092
183387,56714
186657,1372
199860,62376
240990,1370
210441,1370
129153,62376
203574,1370
253998,1370
203052,1370
203058,1370
224145,62376
224145,1370
154797,30500
225747,53160
210876,57414
183789,62170
230010,63510
208536,1372
188685,62378
219381,34092
61305,56714
177672,34092
177672,56714
187707,35732
154797,56714
72930,10652
161526,62170
211527,54290
153204,57414
244731,10652
251106,56714
203796,53160
244404,35732
245976,34092
156225,63510
242439,1372
208533,34092
211344,35846
128526,33886
64860,59822
154869,1304
172503,63510
227295,1372
197286,33886
165927,62170
182442,34092
225012,57414
220713,56714
203295,1372
203301,62170
188685,30500
247878,30500
183468,56714
247986,1372
194082,53160
210393,1372
154698,50274
186216,1372
207396,1372
210051,57414
229473,56714
229473,34092
25749,33886
155055,1372
206937,1304
188730,1372
207339,53160
164007,57414
246150,56714
153960,30500
208488,63508
210882,62074
209073,62074
210342,30500
206406,56714
207150,56714
188700,33534
250668,56714
250020,34092
206439,63538
206439,33886
167364,34092
187797,53160
72117,56714
184113,34092
180471,56714
205815,30500
187806,124
181593,63510
178830,39186
229977,63510
191226,30500
181371,30500
204522,1370
153312,1372
241026,33886
253557,63186
167571,30500
165687,62378
65577,53160
204717,62074
203784,1372
217782,3382
238689,62378
238689,57414
71301,1372
187707,33886
229737,62074
64353,62378
227664,56714
204657,57414
72045,59396
234297,56714
247002,39186
153885,57414
195723,56714
207600,57414
153867,63510
241329,57414
241329,62378
25749,35732
215112,35732
204480,62170
204480,1372
208449,62074
191226,10652
128469,63510
233559,62378
247878,56714
154998,1372
229527,63508
196845,39186
167136,56714
208872,63508
243927,53160
64353,56714
154770,30500
231900,1372
183213,33534
223089,11262
227829,56714
195447,56714
232269,33886
63690,56714
203796,124
188637,62074
207339,1372
210882,34092
210882,56714
206361,39186
247983,39186
244479,30500
251631,62170
248202,10652
208872,59396
197835,56714
253416,1372
248301,33886
160770,1372
191226,56714
206376,61348
154578,62074
196722,10652
246711,1304
154740,56714
182565,57414
181662,57414
192942,56714
206784,56714
64218,62170
64218,1372
230286,63510
206745,56714
207096,56714
207828,34092
203700,39186
181746,62170
241350,11262
223104,30500
153312,30500
182565,63510
253671,63510
203166,57414
242130,11262
205959,57414
212775,57414
65631,57414
244479,57414
153381,30500
225396,30500
213885,10652
172056,10652
248706,63510
66777,63510
208347,1372
194082,56714
241350,1370
211527,57804
186438,63510
241389,63510
203724,10652
253053,30500
211527,63136
194229,59394
253053,63510
192735,30500
228948,1304
240912,56714
194790,56714
61899,59396
203181,62170
72930,63508
206856,1372
183789,62074
253935,56714
253935,34092
248796,10652
187707,35846
72045,50274
243390,30500
183105,63508
191247,33534
227670,10652
210834,10652
166995,56714
187962,57414
232029,56714
153999,1372
157416,62378
128538,56714
186174,42132
183387,1372
189045,1372
66465,62378
199854,63510
221331,35732
231162,63510
213102,62074
217782,48980
176403,62860
188331,33886
188331,63538
154707,63510
163251,62074
68568,63510
212220,63136
154494,10652
208554,1372
203322,56714
203310,56714
222306,56714
242556,63510
216822,53160
165717,56714
128526,62074
206979,63508
217620,62074
186657,30500
225501,63418
242409,56714
203133,10652
153885,1304
153885,59822
158274,10652
246963,61348
181662,62170
181662,1372
251619,61540
248292,30500
174513,62074
211548,10652
198522,1304
172008,33886
212637,33886
154068,63510
71271,54096
211641,30500
72918,10652
212256,56714
167316,63510
183366,34092
183366,56714
232827,56714
176403,63136
222306,1372
222306,62170
211344,1370
149634,10652
167256,1372
225672,1372
164457,63510
207339,59396
153303,30500
25749,39186
203811,59822
161526,57414
198882,63508
206748,61348
187221,62170
60864,30500
182295,63510
253866,35732
187707,63136
254310,62074
206481,39186
177672,63510
198981,62074
249081,56714
207588,57414
206748,63186
185244,62074
216498,57414
250653,63508
128334,30500
217848,16358
158499,62074
181203,30500
187707,50274
206364,1370
206952,54096
153423,56714
244446,56714
187806,54096
158499,57414
203178,63508
167082,56714
211533,33534
209697,57414
163101,33886
246963,39186
156486,35846
196302,33886
253866,39186
249855,33886
179838,33534
165687,33534
154998,62378
186882,62170
208341,53160
72117,1372
237252,1372
227988,56714
213885,53160
211344,35732
251610,10652
153315,30500
227343,57414
242856,39186
186657,63510
203733,1304
208053,30500
189012,56714
249579,30500
186951,34092
166995,30500
224208,63510
231900,57414
183576,35732
194883,56714
204144,57414
165750,33534
186327,30500
153048,63510
219381,63510
241350,57414
174279,63510
172056,56714
208473,63510
249687,56714
206442,33886
210171,57414
253146,62378
250974,56714
211386,30500
204480,57414
203673,16358
181149,63510
187707,51974
205959,56714
205959,34092
220302,33886
67158,30500
246963,63136
238536,1372
220269,51974
204411,30500
242556,57414
175266,63510
61977,63538
225276,56714
154821,30500
210234,3382
244680,1372
203811,53160
206952,59396
25749,61280
207087,50274
166362,30500
208341,33886
188700,30500
253146,30500
165717,30500
252618,1372
61692,53160
230331,63510
203670,10652
211533,54096
220269,16358
232269,10652
206376,63136
244404,53160
203796,57414
194883,10652
164064,10652
204093,30500
227223,62074
244287,62274
251967,63136
154797,10652
206364,1372
154797,53160
198873,35846
204519,62074
181371,62074
203673,53160
210978,53160
210393,59396
234093,59396
242430,1304
242430,59822
217848,3382
227664,62378
227664,57414
183105,56696
225276,62074
191556,57414
72930,62074
241305,1372
61899,63136
155055,57414
213102,53160
229737,10652
210876,1372
221331,54096
234156,1372
174195,62074
61902,62378
208341,57414
72483,57414
243927,56714
225501,124
154518,10652
233970,30500
220632,33534
187101,10652
179088,34092
183195,59394
238068,62378
211761,57414
66465,1304
248202,62378
203073,10652
154167,62074
154146,62074
66924,62378
188331,51974
154275,56714
62817,61280
247956,30500
225501,1372
198279,10652
183492,33886
153960,63510
66843,50274
194883,53160
128502,1370
128502,62376
68568,62378
64860,62378
154578,56714
197673,1372
198855,1304
72930,30500
234864,34092
234864,56714
210825,30500
189045,57414
213885,50274
192300,30500
187806,39186
154698,1370
154698,62376
163101,10652
163131,10652
210168,30500
186174,54096
188331,61348
249081,63510
211761,63510
211476,59822
211476,1304
189045,30500
254004,1372
193323,33886
191250,30500
210000,1304
217002,30500
238536,62378
238536,57414
162957,62170
162957,1372
210933,62376
186384,62074
128901,63508
129135,30500
177873,63510
183459,10652
154890,10652
154956,1372
212430,62074
196845,33886
189045,62074
214968,62378
206937,33886
203439,10652
226848,30500
172503,1372
172503,62170
207927,30500
75723,1372
75723,62170
66843,59396
204717,62378
164970,59822
234297,33886
247986,35732
204657,53160
190776,33886
221610,57414
162603,56714
206748,35732
216822,1304
236490,34092
236490,56714
206451,33886
206448,33886
231876,1370
172008,1304
153756,56714
153756,34092
183195,50274
238263,33886
212430,30500
239577,56714
129135,10652
244680,62074
167451,10652
194904,35732
228315,62074
71274,63508
203178,35846
202818,62376
164064,56714
211125,30500
225699,56714
219420,62074
244287,59822
206415,33886
244404,56714
206349,63538
206433,33886
187263,34092
167256,57414
171372,1372
207330,33534
154167,10652
209994,62378
209994,57414
156225,1372
208524,10652
178458,54096
222906,63136
192942,33886
203724,56714
203724,34092
204795,56714
252696,56714
157938,56714
206745,1372
207096,1372
167082,62376
167082,1370
192564,124
249081,62170
198981,30500
225012,30500
204522,30500
247983,54096
191232,57414
224211,54096
194883,57414
252066,57414
211533,16358
158499,1372
248202,39186
244971,30500
206358,33886
205728,34092
186990,56714
206952,63186
165750,30500
88821,30500
253335,10652
129081,1372
186378,35846
181593,57414
181593,62378
61899,30500
179853,56714
219048,62074
207396,10652
204483,30500
183489,63186
153204,30500
206415,1372
192942,1372
206415,62170
71271,62860
157767,35732
207144,1372
206811,1372
197799,34092
247983,35846
154758,1370
178458,50274
203517,10652
161667,56714
216108,10652
219450,62378
156057,39186
71274,16358
198855,1372
188604,1372
228060,1372
228060,62170
154821,53160
183675,30500
206763,30500
166356,34092
205659,62074
208812,56714
153048,30500
211749,42132
249486,35846
186384,56714
251106,30500
210882,10652
221610,56714
222159,57414
212775,56714
252618,56714
165744,56714
212469,53160
253098,63510
162957,56714
244680,30500
193965,10652
238875,1372
220269,62860
212445,33886
211749,59396
96444,10652
220218,56714
227616,1372
213114,10652
72045,63418
129081,53160
181860,56714
210876,34092
210876,56714
222843,63538
66915,1372
210234,35732
59691,35732
66378,10652
206481,1372
61902,10652
203790,33886
224208,1370
156486,33886
156486,63538
65631,34092
191250,62074
236766,1372
207150,33886
206406,33886
207150,63538
207597,1372
248871,1372
217872,1372
241350,1304
232827,53160
241026,1372
215112,59396
183666,30500
206475,1372
206475,62170
176403,62074
197676,1372
204144,1372
63690,62170
184950,56714
178458,59396
207102,33886
206823,33886
61482,10652
204375,1372
181746,34092
249081,62074
183213,63186
206952,51974
71271,124
230073,54096
183459,62170
165717,1372
188700,1372
88821,57414
195372,53160
219048,56714
219021,56714
230178,57414
230178,62378
155097,56714
153792,56714
247548,62074
66777,56714
242439,56714
228060,33886
228060,63538
242556,56714
203673,33886
183195,39186
244731,39186
227223,34092
227115,62170
244404,62860
61899,59394
195723,33886
182292,30500
211533,35846
227988,1372
211527,35732
199854,62074
206481,54096
181203,56714
225672,56714
206364,33886
220269,42132
165750,62378
157500,63508
206952,124
238536,62074
156486,63418
186882,56714
244446,10652
207387,57414
253935,63508
205665,33886
204780,10652
171372,57414
203094,10652
157416,62074
165927,10652
220269,63136
165786,10652
206799,62170
153645,63510
209793,1372
165684,33534
205731,10652
153303,35846
219231,33886
212721,35732
174468,35846
211344,39186
208536,63510
238689,63510
215298,39186
222843,62170
242388,63136
211476,62170
247548,10652
203790,57414
203790,62378
153402,10652
181110,50274
217848,63186
200508,34092
161526,10652
219450,56714
210978,10652
209880,53160
181110,57414
60762,36720
60762,57804
204222,57414
204222,62378
253935,33886
242151,63538
242442,57804
59703,33886
251085,33886
203052,33886
63582,33886
203574,33886
199860,33886
191247,57414
198522,1372
203310,33886
203322,63538
208341,61280
65640,1372
253647,35732
238878,10652
234018,10652
254004,30500
188637,35732
211140,60
197802,56696
154698,36720
211548,33886
187707,16358
251631,63538
251631,33886
177474,30500
221610,1372
221610,62170
232614,57414
232029,1372
253335,62170
224631,30500
194883,35732
204222,1372
156024,30500
209880,62074
198882,33886
198882,63538
153885,1372
203199,30500
249216,33886
189045,53160
250434,63508
166128,35846
250221,33534
250275,35846
208572,10652
210171,1372
163377,62170
163377,1372
206697,50274
251235,62378
244287,63508
210876,35846
174195,56714
206838,33886
250749,33886
253464,33886
250653,35732
164640,56714
188844,62074
209073,10652
197676,62074
129264,30500
210876,16358
65058,56714
65058,34092
248796,53160
211344,63508
165744,35846
249633,16358
186378,16358
183195,63186
207102,35846
187806,61348
212445,57804
224931,1372
238608,62074
203820,30500
242856,54096
179853,62376
128502,62074
128526,35846
210393,35846
234093,35846
220269,48980
209697,62170
176643,57414
187659,35732
188730,56696
188730,35732
176319,10652
239577,56696
198873,39186
213885,39186
188787,56714
203673,63508
217494,10652
191556,56714
208566,33886
242430,1372
224169,39186
165744,16358
213885,61280
213114,35846
183573,10652
198981,63510
206847,1372
236226,54096
183450,10652
179436,10652
206358,10652
167256,10652
210342,57414
210342,62378
220095,62170
220095,1372
253416,33886
206367,33886
207222,63540
184698,30500
230331,56714
236775,34092
236775,56714
153315,10652
186438,1372
184509,34092
212445,36720
247983,63508
206361,62860
65052,56714
254004,10652
203796,1372
67056,56714
203178,16358
241026,35732
223728,63510
208692,63510
210393,62860
203106,62860
208473,62170
183489,63136
204243,1372
250434,35846
225669,33886
229620,1370
231144,10652
207129,33886
179496,62378
245631,30500
178458,62074
247956,1372
186174,48980
210234,61540
184509,30500
220269,3382
183387,35732
153138,62378
153138,57414
191232,62074
208053,62170
64734,62170
191238,10652
185244,34092
155481,35846
237252,56714
237252,34092
241824,33886
213513,10652
212442,48980
244287,54096
206823,10652
227616,35846
205959,10652
163131,35732
240939,53160
206847,30500
154011,35732
206748,61540
244731,63136
227238,57414
246099,62074
180471,62074
172008,35732
181110,57804
238887,62170
191232,30500
198573,39186
183921,63510
212892,53160
242151,62274
236655,10652
253866,59396
212526,10652
231876,33886
204093,10652
223401,33886
212550,62074
129264,35846
230286,1372
186942,35846
251442,39186
251442,63418
206940,61540
204093,56714
192300,34092
154998,34092
224526,34092
212526,35846
208449,30500
231162,63508
249930,35732
2061063,33886
198945,10652
71766,62074
198573,54096
245868,60
191451,57414
191250,62170
173940,35732
203232,62170
164970,1372
164970,62170
179853,53160
208485,33886
212256,35846
191250,56714
247956,57414
247956,62378
244731,62274
244731,59396
248796,33886
167571,10652
128538,1370
196311,33886
197529,1372
155337,10652
240939,33886
209625,62074
183213,3382
211140,30500
206418,56696
186990,10652
254004,62074
163101,39186
129153,53160
203058,53160
59703,53160
183363,34092
71271,61280
249294,124
222894,35732
179838,16358
153381,1372
208554,33886
200502,33886
224931,56714
172161,63508
207087,33886
211533,63418
211533,39186
238068,56714
213885,35732
197286,59396
154098,35732
223089,60
191232,62170
242130,60
175293,56714
230604,35846
210690,33886
252480,30500
247956,56714
192942,10652
253464,35846
242412,59396
153867,62074
211386,16358
247983,48980
191892,35732
215517,62376
239556,56714
172161,63418
172161,39186
250434,35732
253671,10652
222159,56714
171702,10652
189009,62170
206937,35732
211125,10652
153141,10652
206943,54096
187707,42132
203733,33886
248706,56714
68568,1372
208485,53160
208722,53160
247029,62074
176403,61348
65052,10652
165687,35846
123150,56714
203796,54096
208572,59396
248724,63538
188331,50274
250653,124
165183,34092
251493,33886
206670,33886
206664,33886
65631,62170
203829,10652
71271,59394
206979,16358
206427,63418
208893,33886
208524,63538
153312,34092
153312,56714
208812,33886
200508,10652
206376,61540
153792,53160
195372,33886
216948,10652
198210,63538
246150,53160
197676,10652
165750,1372
198882,54096
238263,35732
230028,39186
72918,56714
155052,62074
204375,56714
206475,30500
232068,56714
203256,1372
203268,62170
206481,59396
253935,59396
71766,30500
243927,54096
183450,56714
193323,10652
219132,10652
196722,1372
67314,33886
208788,35732
220269,63418
172056,39186
157416,34092
153792,10652
67158,35732
187101,50274
242442,35732
183672,56714
71274,48298
232269,63418
206433,10652
210633,1372
203460,33886
203073,33886
203073,63538
204228,56714
178830,3382
249207,34092
195723,63418
232035,63508
250434,16358
153024,62074
25749,63136
206358,56696
207267,35846
249216,35846
200259,35846
174513,35732
234093,39186
186657,56714
154779,53160
226623,10652
227829,1372
227829,62170
71274,50274
231909,30500
249207,62170
182292,10652
211950,39186
249513,62860
246915,53160
153312,35732
251631,53160
188637,10652
230028,63508
205728,1372
156024,56714
60888,59396
209976,10652
205191,63538
212430,10652
251442,54096
206418,39186
129081,39186
207129,10652
232827,35732
248373,63508
225672,59822
246915,10652
183363,1304
227310,62274
208524,59396
198873,63540
203790,1372
206076,33886
25749,50274
218673,10652
128502,62378
225672,39186
2061063,62170
186174,35732
197673,35732
237057,62170
248202,62074
203673,50274
198210,59394
164064,35846
207129,35846
247632,10652
167256,62074
219132,56714
219132,34092
203145,33886
225501,62074
246963,35732
210168,33886
249486,63186
247962,63508
212469,63418
234297,124
156057,59394
71274,36720
246858,124
206928,10652
192564,16358
213885,54096
204375,30500
232455,35732
232455,56696
182295,62074
213102,63418
163101,35732
154098,10652
191247,1372
251253,56714
211383,33886
203151,1372
203151,62170
249579,62378
208692,56714
236226,61280
207597,56714
207597,34092
223782,30500
67764,30500
188100,10652
225501,62860
227664,1372
194229,32496
210834,62170
248550,63538
248550,33886
203775,1372
203775,62170
250275,33534
204093,35732
209622,35846
197802,53160
249294,35732
198882,63418
198882,39186
204480,10652
219048,10652
230028,124
71271,48980
187101,63538
163131,53160
204657,56714
204657,34092
67764,10652
203133,1372
203247,62170
212220,61540
211140,51316
241389,62074
60864,10652
206442,35732
206376,56696
206376,35732
159033,62170
159033,1372
203724,63538
247956,10652
165750,35846
232068,33886
206670,35846
206667,35846
196845,16358
206475,36720
204924,57804
194883,62170
194883,1372
224211,50274
172590,62074
210114,56714
210114,34092
203673,124
179853,50274
194904,39186
218673,56714
213102,124
210342,1372
248373,124
211476,62860
197673,62860
61482,63186
212748,63508
203328,62170
186327,10652
206607,63538
238887,62074
230604,62170
206607,1372
197286,63418
204771,30500
242442,61280
192942,35732
218061,57414
205905,57414
206361,33534
211125,63508
62337,59396
65598,1370
156024,10652
252480,35732
252066,33886
208350,1372
202959,33886
207366,56696
206823,35732
250275,56696
226623,34092
226623,56714
207999,10652
172590,10652
209994,10652
66054,30500
157854,57804
154011,10652
183195,48980
197802,63538
239577,33886
182292,56714
71274,61348
201798,1372
213885,59396
221115,10652
253146,33886
207144,10652
206811,10652
71271,63136
183363,1372
246150,39186
242412,63508
207339,54096
63690,35732
238878,54096
71274,59396
161208,30500
211533,56696
250221,16358
206481,51974
206748,54290
153885,35732
153885,56696
176607,10652
243408,62170
243408,1372
174513,10652
211965,35846
162603,35732
253866,63508
207339,62860
207339,63508
222669,61540
154041,56696
183213,62274
207150,35732
62337,59394
211548,63508
208488,35732
207465,33886
206940,57804
229521,62170
203112,62170
59703,62170
240990,62170
210441,62170
192771,62170
129153,1372
224145,1372
210441,1372
207600,1372
251142,30500
207216,10652
167256,34092
