200964,1370
128502,1370
211344,57414
200964,11262
128502,11262
128502,57414
200964,63510
71271,63510
128502,1304
128502,62074
246858,11262
71271,11262
206952,63510
71271,30500
128502,63510
128502,1372
213885,63510
206952,11262
206952,30500
186174,1370
200964,1304
186174,57414
163131,1370
212721,57414
213885,57414
246858,63510
212721,1370
210615,63510
186174,1372
210615,1370
71271,1370
210615,1304
71271,1304
186174,11262
210615,11262
186174,1304
163131,11262
61344,1370
236520,1372
163131,57414
186174,63510
205332,11262
210615,30500
210615,1372
228024,11262
71271,1372
220713,11262
220713,57414
246963,57414
71271,57414
72561,11262
235335,11262
246963,1370
212721,63510
206952,33886
206952,63538
212721,56714
72561,1370
251643,1370
163131,1372
71271,34092
187806,57414
208488,57414
248796,11262
203256,57414
236655,1370
224631,1370
224631,62376
203106,57414
210393,57414
234093,57414
206940,56714
206346,34092
231057,56714
206346,56714
163131,1304
164064,11262
250434,1370
187806,1372
187806,1370
198279,11262
211140,1372
236655,11262
250434,11262
212721,11262
164064,1370
224169,11262
208788,57414
77484,57414
204657,11262
210978,11262
243927,11262
212721,30500
243927,1370
210978,1370
183213,57414
220713,1304
188331,63510
181101,1370
224169,1370
206952,39186
212721,1304
250434,57414
65577,11262
250434,63510
211344,10652
183213,1372
183213,1370
186987,11262
71271,33886
235335,63510
203700,57414
71271,39186
187806,11262
223104,11262
192735,1370
61899,1370
188331,57414
194883,53160
72930,53160
224169,63510
66465,1370
197802,63510
187974,1370
230604,1370
210876,1370
186378,1370
165684,1370
188700,1370
191247,1370
165750,1370
232029,1370
206940,63510
167316,1370
194883,57414
72930,57414
213513,1370
205332,1370
206952,1372
206346,63510
231057,63510
188331,1370
188331,1372
72930,63510
172161,11262
173667,11262
68496,1370
181101,63510
248796,63510
61344,63510
208599,57414
194883,1370
72930,1370
194883,1372
72930,1372
164064,1372
203256,11262
196722,11262
209622,1370
209622,62376
194229,1370
129081,57414
25749,11262
154245,1370
172161,1370
25749,53160
198279,63510
71271,35732
212892,57414
206361,56714
212448,56714
247983,56714
206748,56714
251643,11262
198867,57414
203460,63510
202638,63510
206418,11262
72561,57414
181101,11262
25749,57414
163131,63510
72900,57414
211950,57414
167364,11262
199854,11262
77484,11262
251643,57414
246963,63510
224169,1372
200964,10652
192564,57414
61899,11262
217848,56714
206376,56714
228729,1370
198210,57414
25749,63510
222669,56714
72561,63510
208488,11262
209622,56714
194229,56714
174468,63510
187806,56714
164064,57414
88821,1370
240852,1370
208788,56714
244287,56714
172161,63510
249486,11262
238068,1370
253191,1370
214968,1370
239556,1370
225699,1370
158499,1370
242556,1370
62337,59822
62337,1304
166128,1370
231282,57414
232035,57414
242151,57414
198882,57414
72561,1372
206940,11262
221115,62376
221115,1370
206940,57414
231057,11262
206346,11262
250434,1304
77484,1370
199854,1370
211413,1370
25749,1372
25749,1370
231057,57414
174468,1370
174468,62376
217782,57414
244287,1370
244287,62376
244287,1372
198945,1370
238293,63510
172008,63510
174468,11262
208206,11262
188331,11262
198210,1372
198210,1370
211947,57414
251631,57414
208572,57414
222906,57414
187101,1370
208788,11262
206940,30500
217782,56714
236520,62376
231057,30500
244971,1372
203790,57414
208341,57414
203796,57414
66465,63510
154890,1370
231057,53160
206346,53160
209697,1370
224169,57414
192771,57414
59703,57414
224145,57414
158016,57414
203058,57414
66378,57414
250629,57414
129153,57414
192756,57414
203574,57414
203052,57414
216648,57414
229521,57414
199860,57414
251085,57414
220713,63510
206940,1370
215985,11262
198945,11262
191892,34092
238293,56714
191892,56714
206346,1372
206346,1370
212430,11262
227295,11262
234030,57414
248373,57414
208575,57414
250653,57414
208515,57414
163101,1370
210981,1370
251619,1304
222906,11262
206937,1304
211533,1370
211533,1372
205332,1372
154821,1370
217782,1370
217782,1372
224631,1372
236655,1372
200964,53160
208788,1372
208788,1370
246804,1370
167316,57414
203271,1370
203256,1370
196722,1370
203445,1370
240939,57414
187707,11262
206940,1304
77484,63510
199854,63510
203259,57414
69060,57414
203439,57414
231057,1304
206346,1304
238293,1372
181860,1370
179853,1372
222906,1372
222906,1370
223104,63510
61899,30500
251121,11262
251169,11262
203460,11262
203673,11262
202638,11262
62337,63510
208788,63510
208488,63510
181101,1304
61692,57414
210168,57414
194229,30500
194229,11262
238263,57414
156057,63510
212301,11262
68496,57414
228024,1370
25749,30500
246963,11262
232065,56714
235299,1370
236655,63510
154890,63510
234093,63510
232068,1370
206952,35732
251169,1370
251253,1370
251121,1370
222906,63510
198981,57414
203295,11262
203301,11262
246627,11262
206940,59396
249342,63510
220269,1372
220269,1370
186987,1304
154245,1372
172161,1372
221331,63510
226140,63510
128469,11262
211413,57414
211533,56714
204657,57414
210978,57414
187707,63510
249081,1370
167316,11262
215298,57414
188331,30500
61899,56714
246963,30500
66465,56714
217782,11262
227664,57414
181149,1370
184950,1370
246963,53160
212448,63510
247983,63510
206748,63510
243927,63510
210978,63510
210615,35732
72930,11262
248013,57414
230604,11262
183675,11262
186378,11262
191247,11262
188700,11262
251619,11262
163131,30500
197676,1370
172008,11262
238293,11262
153303,63510
183573,63510
211125,63510
229737,11262
215298,56714
62337,11262
209622,57414
194229,57414
198981,1370
198981,1372
244287,30500
210141,1370
225501,57414
153438,1370
204657,1372
210978,1372
209622,53160
194229,53160
206847,1370
217848,63510
206376,63510
249486,1370
224841,1370
66465,11262
25743,1370
242619,57414
222669,63510
183195,1372
253578,1370
198981,63510
206418,63510
198279,62376
198279,1370
187707,30500
183573,1370
153303,1370
157224,1370
164337,1370
202638,1370
212721,10652
212721,39186
229737,1370
229737,62376
250434,1372
188331,56714
251625,57414
195723,57414
65577,63510
62337,56714
211140,56714
224526,1370
238293,53160
183573,11262
153303,11262
211125,11262
172161,57414
187707,57414
167571,1370
154797,1370
154803,1370
204657,1304
210978,1304
158499,57414
253191,57414
242556,57414
194229,62074
183213,63510
207240,11262
230010,11262
183213,56714
61824,57414
154551,1370
232065,11262
208788,30500
225501,1372
225501,1370
25749,34092
25749,56714
167364,63510
66465,53160
208521,11262
211947,11262
203724,11262
246963,59396
238293,30500
172008,30500
204795,56714
203724,56714
234093,11262
210393,11262
224526,11262
244005,1370
251253,57414
213513,57414
211533,30500
211533,11262
220713,30500
222906,30500
244041,1370
129264,1370
203700,63510
211527,1304
220269,56714
221331,1372
154542,1370
176472,1370
192735,1372
231057,62074
195723,62376
251625,1370
195723,1370
154551,11262
209880,11262
62817,57414
211407,1304
187707,1372
187707,1370
154797,11262
61482,63510
171702,1370
183468,1370
62817,53160
66465,1304
209622,1304
194229,1304
129081,1370
129081,1372
212469,1370
198882,56714
242151,56714
231282,56714
249513,56714
232035,56714
203256,63510
154167,11262
164661,1370
192618,1370
212256,1370
211386,1370
198552,1370
226848,1370
226662,1370
166128,59822
251619,56714
246627,57414
201564,57414
203301,57414
203295,57414
71271,62074
235335,1372
75723,11262
249486,62074
128538,1372
209154,11262
72918,11262
207999,11262
216498,11262
245631,1370
65577,57414
221115,11262
187806,35732
77484,1304
199854,1304
25743,11262
61899,1304
251442,11262
209880,62376
187395,1370
209880,1370
238878,11262
194904,63510
253866,63510
203724,63510
184950,63510
234951,57414
165786,1370
247983,11262
206748,11262
212448,11262
206748,57414
247983,57414
206361,57414
187101,1304
177873,62376
59700,1370
174468,57414
175293,11262
88821,11262
226662,57414
188604,1370
188604,62376
191232,1370
176403,63510
222906,56714
204483,11262
186177,1370
62817,1370
62817,62376
62817,1372
207600,57414
61305,57414
207588,57414
248796,57414
251721,57414
238689,57414
208491,57414
208506,57414
210129,57414
208524,57414
208893,57414
211548,57414
221526,57414
244878,57414
211542,57414
251106,1370
206952,54096
205659,57414
218673,1370
231708,1370
72918,1370
219132,1370
209154,1370
207339,56714
198882,11262
242151,11262
212220,57414
183105,57414
239508,11262
210234,56714
211524,56714
232269,56714
242388,56714
250221,56714
238032,56714
183195,56714
194904,1372
238878,1370
206952,59396
208488,1370
208488,62376
156057,53160
211533,57414
228687,1372
198867,11262
211950,11262
208872,11262
72900,11262
187101,57414
225501,63510
176472,11262
229527,63510
211533,53160
65577,1372
66465,30500
186384,11262
250653,56714
211965,56714
208515,34092
227310,56714
217848,57414
235299,57414
247983,30500
206748,30500
154890,57414
222669,11262
187806,1304
212721,50274
204483,1370
229527,57414
206361,53160
62337,50274
211140,50274
166005,1370
66777,1370
172695,1370
220011,1370
166002,1370
165927,1370
186882,1370
176403,56714
212220,56714
176403,34092
183105,56714
248178,1370
188331,1304
69249,1370
194601,30500
203175,57414
186177,63510
62817,63510
210615,63360
205947,57414
203733,57414
203145,57414
250020,57414
210882,57414
205905,57414
218061,57414
203241,57414
221331,53160
211527,11262
211476,57414
242409,62376
242409,1370
172719,1370
206943,57414
197673,1370
251829,1372
242151,1372
249513,1370
242151,1370
232035,1370
198882,1370
198882,1372
242151,62376
232035,1372
249297,1370
186990,1370
247983,1372
206748,1372
206361,1370
239556,11262
253191,11262
158499,11262
225699,11262
215298,30500
253557,63510
178830,63510
197595,1370
197595,62376
187797,11262
212211,11262
232827,11262
235335,30500
203175,63510
212430,63510
227295,63510
187806,10652
157224,11262
164337,11262
153765,1370
191232,11262
188604,11262
203151,11262
203259,11262
203439,11262
253683,11262
208473,11262
227988,1370
249207,1370
165183,1370
209793,1304
207105,1304
229527,56714
212220,1370
183105,1370
212220,62376
176403,1372
176403,1370
212430,1370
71271,35846
166362,11262
206376,53160
217848,53160
208590,57414
205731,57414
203328,57414
208740,57414
208722,57414
210678,57414
237300,57414
188730,1370
188637,1370
207387,1370
248064,1370
238887,1370
187734,1370
154011,1370
154167,1370
226662,11262
222669,30500
59700,11262
242151,63510
198882,63510
206361,1304
247983,1304
212448,1304
128901,1370
208575,11262
248373,11262
208515,11262
197286,11262
234030,11262
250653,11262
227310,11262
247986,57414
72558,1370
222669,53160
197595,11262
156057,11262
217848,1372
217848,1370
206376,1370
250434,30500
183489,56714
178830,56714
253557,56714
231057,59396
206346,59396
229527,1372
229527,1370
222669,62376
232827,57414
212445,1304
192300,11262
210141,57414
253671,1370
216498,1370
207999,1370
208350,57414
211476,1370
25743,63510
231096,1370
212301,1304
208488,1372
206940,63360
196845,1370
196845,1372
225747,11262
225396,11262
183573,1372
183645,1370
195249,1370
183213,53160
187659,57414
221331,11262
226140,11262
217848,1304
206376,1304
210876,62074
187974,62074
165750,62074
165684,62074
128334,11262
251619,62074
203871,57414
204780,57414
211344,53160
197286,1370
211965,1370
227310,1372
234030,62376
197286,62376
197286,1372
211965,1372
250653,1370
208575,1370
225672,57414
198945,57414
154743,1370
212445,56714
207087,56714
207087,34092
212211,63510
232827,63510
192564,63510
253557,1370
253557,1372
178830,1370
183489,1372
183489,1370
128685,1370
158658,62376
158658,1370
167136,1370
198867,63510
157224,57414
164337,57414
228438,62376
228438,1370
167451,11262
211533,59822
197673,56714
209793,1372
211407,1370
212448,59396
206748,59396
204795,30500
203724,30500
211413,63510
204093,11262
241350,57414
198867,1370
251235,1370
162795,1370
199479,1370
251235,62376
162792,1370
199479,62376
179790,1370
60864,1370
220632,1370
167571,57414
229341,11262
200508,11262
234018,11262
246216,11262
195507,11262
210981,11262
163101,11262
253671,11262
182292,1370
186384,62376
186384,1370
225501,56714
235458,11262
230010,1372
232029,1372
224169,30500
206979,11262
227310,63510
250653,63510
248373,63510
197286,63510
205353,11262
222750,11262
218673,57414
226623,57414
72900,63510
211950,63510
161208,1370
208068,11262
247134,1370
65067,11262
183645,11262
195249,11262
182295,1370
210615,39186
212211,1372
187797,1372
232827,62376
232827,1370
212211,1370
232827,1372
183450,1370
173667,1370
241026,11262
227616,11262
186657,11262
248301,57414
179853,63510
159831,11262
207927,11262
176403,11262
61482,53160
213102,11262
163101,57414
206376,59396
128502,33886
128334,1370
186174,63418
186174,39186
229620,1304
206364,1304
162984,11262
251235,11262
210171,11262
162795,11262
179790,11262
60888,1370
60888,1372
225672,1370
194883,56714
206979,1304
206979,59822
128763,11262
249342,30500
156024,11262
223071,1370
241389,1370
223776,1370
222750,1370
205353,1370
128538,57414
208788,53160
211236,1370
163131,56714
189012,62376
189012,1370
153381,1370
177921,1370
206418,1304
203673,63510
198981,11262
246711,1370
157500,1372
157500,1370
68496,63510
225501,11262
213885,63418
213885,39186
176472,57414
241305,57414
153312,11262
173940,11262
66843,57414
156486,1372
156486,1370
206364,56714
241305,1370
184509,1370
238263,63510
25743,57414
61482,30500
216822,63510
210615,35846
242409,11262
172719,11262
153303,57414
183573,57414
71271,63360
71766,57414
232065,57414
216648,11262
129153,11262
192756,11262
203058,11262
63582,11262
66378,11262
205122,11262
251085,11262
250629,11262
158016,11262
221151,11262
199860,11262
203502,11262
62817,11262
186177,11262
197595,63510
154119,11262
203178,1370
183105,53160
176403,53160
212220,53160
212301,62074
71271,59396
220269,1304
248301,1370
248301,1372
251625,56714
234297,56714
195723,56714
156057,30500
188853,63510
183489,11262
178830,11262
253557,11262
248202,57414
223728,11262
248871,11262
253098,11262
225672,63510
154707,1370
227469,1370
174468,1304
249687,1370
244278,1370
216108,1370
166995,1370
60762,34092
241218,56714
221247,56714
234951,56714
201741,11262
198882,30500
242151,30500
129081,11262
198945,63510
210615,33886
77484,1372
228741,11262
206763,11262
66843,11262
206940,39186
249081,11262
198534,11262
203517,11262
155097,1370
161667,1370
155097,62376
208491,11262
242412,11262
221526,11262
211548,11262
251202,11262
212571,11262
231057,10652
231057,39186
213102,63510
61899,10652
181371,11262
197835,11262
62817,34092
62817,56714
166437,1370
231876,1304
250947,56714
160029,56714
231144,11262
206364,1372
198573,63510
186438,1370
59700,57414
251442,1370
213513,1304
188106,11262
153867,1370
233091,1370
183105,30500
176403,30500
205728,1370
69060,1370
203439,1370
203151,1370
203259,1370
203259,62376
188787,53160
207339,63510
188853,1304
228729,1304
206979,63510
66843,1372
66843,1370
242388,63510
210234,63510
230028,63510
211524,63510
187734,11262
204144,11262
188637,11262
219450,1370
163044,1370
184710,1370
207222,63510
154890,1304
187101,1372
238293,1304
172008,1304
206418,30500
235458,1370
197673,30500
197673,11262
249567,11262
203517,1370
183921,1370
251442,62074
178830,53160
164064,1304
232065,1372
232065,1370
202818,63510
251121,63510
251253,63510
212721,59396
187974,1304
210876,1304
230604,1304
165750,1304
191247,1304
186378,1304
175266,11262
244173,11262
251643,63510
198534,57414
154890,1372
191226,1370
181371,62376
197835,1370
198573,1372
248202,1372
248202,1370
208599,11262
203829,11262
247983,62074
206748,62074
212448,62074
204375,11262
172056,57414
174468,1372
156057,56714
165726,1372
224841,11262
161058,11262
184698,11262
251625,11262
195723,11262
234297,11262
72117,1304
186174,33886
203820,62376
249342,62376
249342,1370
66777,57414
165927,57414
211527,59396
164970,11262
220713,56714
248796,1372
154797,63510
160029,11262
250947,11262
210615,50274
159831,1370
159831,62376
207927,1370
206427,11262
192564,1372
249342,34092
187224,1370
67764,1370
241389,11262
223776,11262
223071,11262
243408,11262
194790,11262
204222,11262
64299,11262
157416,11262
242439,11262
240912,11262
164007,11262
184104,11262
231459,11262
205722,11262
248373,30500
197286,30500
250653,30500
227310,30500
72558,11262
66843,63510
154758,11262
238293,63360
178830,30500
183489,30500
166599,11262
153438,57414
188331,10652
237057,11262
203295,63510
205662,11262
203310,11262
203328,11262
203316,11262
203322,11262
237300,11262
208722,11262
242571,11262
227115,11262
222306,11262
2061063,11262
208812,11262
188787,63510
246150,11262
208812,1370
187806,63360
231876,1372
242442,1304
64959,11262
128469,63510
224841,57414
221331,56714
226140,34092
229539,56714
72930,1304
194883,1304
242439,1370
188685,1370
155337,1370
184104,1370
236490,1370
231459,1370
205722,1370
64299,1370
204222,62376
217494,1370
205722,62376
237252,1370
164007,1370
240912,1370
192627,1370
247029,1370
243408,1370
194790,1370
204222,1370
157416,1370
225747,1370
208347,1370
203820,63510
212892,63510
217848,62074
244971,34092
244971,56714
232068,1304
167316,63510
202818,1372
198801,1370
175266,1370
154098,1370
212256,11262
249633,11262
198552,11262
211386,11262
209622,63510
194229,63510
206868,1304
190152,1304
206427,1304
187734,57414
204144,57414
188730,57414
174513,57414
212445,57414
231225,1370
196845,53160
207222,1372
210000,1370
154869,1370
154119,1370
198534,1370
251106,11262
172161,30500
154245,30500
160029,62376
245631,63510
224169,1304
248013,1370
248013,62376
245976,1370
194718,11262
128526,57414
128502,54096
128901,56714
172056,1370
203142,1370
208350,1370
154797,57414
154803,57414
251829,57414
212775,1370
212775,62376
203829,63510
207240,62074
128526,53160
231102,11262
154770,11262
189009,11262
72561,1304
181149,63510
128469,57414
222438,11262
64353,11262
183195,63360
238263,56714
184950,30500
249063,1370
225501,30500
204774,11262
153438,1372
251625,63510
195723,63510
195372,1372
210876,1372
165750,1372
183675,1372
191247,1372
188700,1372
246963,39186
205812,11262
198981,1304
206940,59394
206940,33886
250947,63510
186174,10652
61908,11262
210882,11262
203145,11262
203274,11262
96444,11262
205947,11262
218061,11262
203736,11262
66777,11262
181101,30500
62817,63360
224931,11262
167316,1372
231057,33886
72930,35732
210045,11262
222438,1370
155106,1370
222204,1370
155085,1370
206418,1370
223104,30500
214194,11262
162603,11262
62817,30500
242619,63510
206418,56714
204411,11262
223389,11262
158658,57414
216822,1370
203796,1370
72483,1370
203790,1370
203796,1372
203790,62376
208341,1370
171702,11262
194409,11262
206937,11262
186174,35732
187224,11262
182565,1370
230286,62376
230286,1370
188343,1370
211476,53160
227295,59822
154113,11262
188961,1370
245046,1370
215985,30500
213102,30500
197595,57414
154869,11262
244041,57414
60888,11262
177672,1370
163251,1370
154542,57414
238293,10652
155097,11262
203256,1372
163101,1372
237057,1304
228948,1304
203829,1370
72930,63360
248202,63510
239577,11262
128526,1370
128526,1372
184950,1372
154803,1372
154797,1372
206952,62860
157224,1304
164337,1304
191232,63510
190152,63510
65640,1370
65640,62376
154041,1370
204141,1370
172503,1370
233559,11262
228753,11262
210408,1370
224931,1370
210120,1370
206439,1304
206364,57414
250977,1370
191223,1370
156063,1370
225276,1370
183672,1370
231909,1370
164640,1370
210045,1370
179700,1370
184698,1370
199242,11262
229536,11262
183492,11262
238263,11262
249486,56714
166128,30500
231282,63510
232035,63510
212442,56714
172419,1370
211950,1370
72117,57414
227664,63510
208599,63510
212211,56714
232827,56714
187797,56714
212574,62376
205959,1370
212574,1370
230178,1370
207243,11262
194601,1304
64959,1370
156024,1370
71766,1370
212469,56714
129081,56714
203724,53160
66465,10652
184605,1304
241350,1304
206952,63360
60888,56714
225672,56714
128538,56714
207339,57414
242442,11262
212748,11262
210186,11262
225393,11262
174468,30500
208488,56714
234093,30500
250221,11262
230028,11262
238032,11262
242388,11262
210234,11262
128901,11262
249342,57414
238032,57414
210234,57414
250221,57414
230028,57414
232269,57414
253866,11262
245631,57414
164064,53160
188331,59396
225501,1304
224631,1304
236655,1304
232068,34092
209880,57414
208599,1372
208572,63510
210690,63510
251631,63510
208521,63510
177672,11262
61344,56714
61344,34092
215298,63360
244005,1372
181149,1304
153303,1304
183573,1304
208812,63510
186174,62944
186174,62860
65640,11262
230286,11262
154041,11262
182565,11262
172503,11262
188343,11262
128526,63510
172587,1370
204093,1370
183195,10652
220269,10652
224526,63510
178458,57414
238263,1372
238263,1370
66843,30500
213114,1370
227616,1370
247548,1370
244446,1370
153150,1370
176319,1370
206304,1370
173796,1370
153402,1370
153423,1370
198534,30500
72930,10652
216498,1304
207999,1304
166002,11262
213102,56714
213102,34092
191232,57414
167136,11262
128685,11262
191256,11262
205332,1304
247983,63360
212448,63360
206748,63360
163578,1370
154803,1304
154797,1304
203889,63510
203502,63510
199860,63510
203574,63510
158016,63510
251085,63510
129153,63510
59703,63510
229521,63510
166356,1304
222894,11262
157938,11262
251829,1304
167364,30500
183576,1370
231708,57414
246099,57414
210168,11262
61692,11262
207339,30500
183666,11262
187659,53160
210234,30500
242388,30500
250221,30500
230028,30500
72117,1372
207339,53160
128538,63510
205959,11262
198981,56714
235335,53160
167451,63510
211524,53160
231876,57414
186378,57414
188700,57414
210876,57414
72108,11262
25743,30500
207396,11262
219048,11262
225012,1370
236226,63510
183492,63510
229536,63510
212526,11262
64734,11262
219021,11262
241263,11262
231900,11262
183789,11262
180495,11262
56871,1370
154956,1370
179496,1370
204519,62376
154956,62376
207597,1370
204519,1370
220095,1370
179496,62376
207222,53160
61692,62376
61692,1370
245046,11262
207222,56714
203259,63510
203151,63510
154167,63510
203673,1370
222669,59396
217848,30500
186438,11262
249687,57414
166995,57414
233970,57414
216108,57414
244278,57414
244680,1370
178458,11262
245631,1372
207339,1372
187395,1372
238032,1370
210234,1370
250221,1370
210234,1372
232269,1370
210234,62376
232269,1372
211524,1370
207219,11262
188937,11262
210981,1304
227988,11262
249207,11262
160770,63510
210114,63510
246099,63510
244005,63510
247986,56714
244446,11262
153423,11262
153402,11262
153150,11262
158742,57414
204483,57414
217848,63360
25743,1372
72918,63510
246963,59394
201852,1370
183912,1370
63876,1304
179088,11262
212478,11262
155016,11262
231900,1370
180495,1370
212526,1370
219021,1370
180495,62376
224925,1370
191238,1370
244092,1370
183789,1370
241263,1370
64734,1370
232455,1370
251142,1370
153303,1372
206937,62376
157938,1370
153999,1370
213114,1304
241026,1304
227616,1304
157500,53160
251643,30500
242409,57414
196302,11262
222759,11262
206772,11262
206787,11262
206856,11262
242232,11262
238827,11262
206955,11262
206958,11262
186990,57414
178458,1372
178458,1370
220632,11262
198882,53160
242151,53160
253683,1370
200964,33886
212301,57414
207339,1304
231876,11262
246858,33886
66843,56714
187101,30500
160029,30500
250947,30500
227988,57414
211524,1304
242388,1304
250221,1304
210234,1304
206868,1370
237057,57414
72900,30500
208872,30500
211950,30500
162984,1304
246099,1370
238878,1372
204483,63510
237840,11262
206940,62944
232656,11262
251619,35732
242409,63510
172719,63510
172161,1304
196845,56714
211473,1370
178257,1370
247989,1370
247989,62376
183213,63360
154167,57414
248301,11262
158499,1372
242556,1372
201852,11262
71766,11262
204375,1372
198573,56714
56871,11262
75723,1304
139272,11262
207828,11262
206745,11262
205107,11262
225669,11262
206418,62074
244680,11262
221115,1372
231057,54096
226662,63510
232404,11262
210897,11262
206367,11262
206646,11262
206673,11262
227664,1372
194229,35732
241218,62376
183492,30500
236226,30500
203871,11262
163377,1370
153642,1370
174279,1370
187743,1370
153642,62376
229977,1370
186384,63510
167256,63510
216033,63510
210627,63510
153756,1370
60888,63360
206952,32496
245046,62074
75723,1372
206952,61280
178458,63510
64893,11262
212283,11262
185067,11262
155052,62376
204522,1370
209994,1370
228315,1370
232452,1370
234120,1370
191223,57414
225276,57414
242619,1372
242619,1370
157224,63510
164337,63510
187224,57414
246711,63510
232827,53160
204657,30500
210978,30500
233970,11262
249687,11262
244278,11262
216108,11262
166995,11262
128763,1370
174087,1370
253671,57414
245976,11262
179436,1372
203700,11262
196845,11262
232035,30500
247962,11262
247974,1370
232656,62376
232656,1370
154560,1370
250668,1370
250020,62376
96444,1370
250020,1370
250362,1370
203733,62376
203733,1370
203670,1370
203736,1370
227238,1370
61908,1370
210825,1370
203274,1370
205947,1370
203214,1370
218061,1370
210882,1370
203145,1370
248250,1370
211344,124
154881,1370
188331,63360
183492,57414
72045,57414
229536,57414
203178,11262
242442,56714
225393,56714
212748,56714
175293,1370
208806,11262
208899,11262
208893,11262
208584,11262
244878,11262
208545,11262
211542,11262
248202,11262
248013,63510
210234,59396
242388,59396
155556,11262
247989,11262
230178,11262
225699,63510
253191,63510
242556,63510
186216,1370
237057,1372
210633,1370
237057,1370
209829,1370
209976,1370
154743,57414
247983,10652
247983,39186
206748,39186
206748,10652
208473,63510
253683,63510
154758,1370
163131,10652
206940,63540
154770,62376
241329,1370
153084,62376
154770,1370
231102,1370
153084,1370
181746,1370
234864,1370
208575,53160
197286,53160
250653,53160
187962,11262
247134,11262
72117,56714
206952,59394
154167,1372
65313,1370
211047,1370
185067,1370
212283,1370
204243,1370
212283,62376
204228,1370
157500,56714
203460,1304
203673,1304
61824,1370
154707,63510
251619,63510
248550,57414
198534,56714
234120,11262
219048,1370
207618,1370
207396,1370
232029,63510
211740,63510
68676,11262
153645,1370
203232,11262
192159,11262
63867,11262
223518,11262
227670,11262
197529,11262
203133,11262
59700,63510
182292,57414
208341,53160
72483,53160
216822,53160
203796,53160
154275,1304
167256,57414
210627,57414
186384,57414
172056,56714
197676,1304
203784,63510
204774,63510
167316,1304
187734,1304
154011,1304
188637,1304
207387,1304
207588,11262
203166,11262
61305,11262
61482,57414
207222,11262
206484,11262
158766,11262
182295,57414
183492,56714
72045,56714
183450,57414
234297,53160
128526,11262
213114,62074
186657,1370
129081,30500
178257,11262
211473,11262
206943,63538
253098,1370
217848,10652
206376,39186
205332,53160
203811,1370
201741,1370
187839,1370
187839,62376
175266,63510
193323,11262
206988,11262
206823,11262
206433,11262
206667,11262
206664,11262
249216,11262
206355,11262
250275,11262
206637,11262
207129,11262
207366,11262
206358,11262
206625,11262
207102,11262
206670,11262
234156,11262
251493,11262
216822,56714
216822,34092
72558,63510
183645,1372
227292,11262
192300,63510
129135,63510
72045,1372
183492,1372
199242,1370
183492,1370
72045,1370
229536,1370
236226,1370
192618,62074
186942,62074
249159,11262
210615,59396
223782,1370
244680,57414
172590,11262
204375,1304
188787,11262
25749,1304
154743,1372
213102,57414
182292,63510
251121,1372
224841,1304
238263,53160
177903,11262
251610,11262
154485,11262
217782,59396
183468,1372
177873,1304
229341,57414
176403,63360
212220,63360
183105,63360
192159,57414
63867,57414
203247,57414
203232,57414
223518,57414
227670,57414
181860,1372
163131,63538
77484,30500
183573,30500
153303,30500
128526,56714
241389,57414
230331,11262
236775,11262
241389,63510
159033,57414
211527,30500
248301,53160
248796,1304
72900,1370
165786,57414
183489,1304
153312,1370
67827,1370
173940,1370
206481,1304
72483,11262
216822,11262
153048,1370
190152,57414
191892,59396
238293,59396
249342,1372
186384,1372
216033,1372
61899,39186
246963,62944
194229,63360
157398,11262
212442,63510
154578,57414
171372,1370
186078,1370
154887,1370
181662,1370
207927,63510
182556,63510
221331,35732
221331,56696
156486,11262
208347,1372
246216,63510
234972,63510
253671,63510
154518,1370
154494,1370
154485,1370
251610,1370
237804,1370
174195,1370
162843,1370
61902,1370
184113,1370
177903,1370
154476,1370
203295,1372
203301,1372
165786,63510
199479,1304
179790,59822
198552,57414
234951,63510
224208,63510
206937,63510
210186,59396
212748,59396
242442,59396
207999,63510
216498,63510
205353,63510
235299,1372
252177,63510
203166,63510
156225,1370
252696,1370
251235,63510
195249,63510
183645,63510
61482,10652
226662,1304
154707,57414
247632,57414
227469,57414
154998,11262
188331,56696
186657,63510
203445,1304
196722,1304
203256,1304
197595,1372
217848,59396
211407,56714
207996,1370
129081,62074
212469,62074
247986,11262
220713,10652
155043,1370
183489,63360
161667,1304
213102,1370
213102,1372
213102,62376
227292,63510
163044,11262
207222,30500
208572,1370
210690,1370
208521,62376
251631,1370
208521,1370
209793,56714
207105,56714
212301,30500
184605,1370
167316,30500
232065,63418
194229,10652
189012,1372
177921,1372
204093,57414
252081,56714
190776,56714
252081,34092
247962,56714
205740,11262
246963,48980
154032,1304
186438,59822
186438,1304
164970,59822
164970,1304
178458,30500
68568,57414
154665,1370
180195,1370
188100,1370
242430,1370
128763,63510
249930,11262
208788,1304
60888,1304
239577,1370
153279,63510
153867,57414
235335,59822
223728,1372
217872,1372
210615,61280
154578,1372
186216,11262
244041,1304
209976,63510
206748,59394
206748,33886
206748,63538
156057,10652
161667,63510
192564,56714
192564,34092
186078,11262
211533,35732
184950,56714
184710,57414
183450,63510
188331,39186
182556,1370
182295,1304
154887,11262
212748,62074
167451,1370
250221,62074
210234,62074
211524,62074
230028,62074
222906,1304
235458,57414
227295,30500
212430,30500
252177,62376
207600,1370
252177,1370
61305,1370
203166,1370
183921,1304
177474,1370
212220,10652
183105,10652
205659,62376
205659,1370
208812,56714
171702,1304
247134,1304
210393,56714
234093,56714
250434,56714
250434,34092
234129,11262
223776,1304
241389,1304
186177,62074
183492,53160
72045,53160
236226,53160
238293,54096
181371,57414
191226,57414
197835,57414
208572,1372
211476,56714
205740,57414
212301,1372
251442,63510
61899,59396
61899,62274
165183,1372
195771,11262
207150,11262
63690,11262
206406,11262
206811,11262
206415,11262
207144,11262
227829,11262
192942,11262
221331,10652
241350,63510
68496,30500
208692,63510
217872,63510
63873,1370
192564,11262
211527,35732
206376,59394
25749,62074
225501,10652
208599,56714
250434,53160
66879,11262
153141,11262
206514,1304
206484,1304
159033,63510
181593,63510
239508,1372
211236,1304
61899,50274
207927,57414
181149,57414
227664,11262
187659,30500
66465,54096
174513,63510
188637,63510
204144,63510
222669,63538
222669,33886
187806,59394
251202,63510
242412,63510
211548,63510
208524,63510
157854,56714
248061,1370
154068,1370
247986,62074
25743,56714
251619,57414
71301,11262
242430,11262
242130,56714
198522,11262
207222,1304
207999,62074
207999,57414
191226,63510
154578,63510
249081,1304
178458,56714
207087,11262
235335,34092
231144,63510
128526,63360
157224,1372
164337,1372
187806,54096
231663,57414
216948,1370
62817,10652
154077,1370
187650,1370
248292,1370
200259,11262
235458,1372
231663,1370
242439,57414
157416,57414
221115,1304
236520,56714
128526,30500
186942,1304
165744,1304
212256,1304
164457,11262
208599,30500
211473,57414
244173,57414
191226,1372
181371,1372
129081,10652
206940,63186
238218,1370
207999,1372
216498,1372
231225,57414
228687,1370
203871,63510
203274,63510
248250,63510
250362,63510
96444,63510
61908,63510
250020,63510
203214,63510
229473,1370
223518,1370
203232,62376
192159,62376
192159,1370
227670,1370
203133,1370
203247,1370
203775,1370
203232,1370
63867,1370
246858,124
153072,1370
205815,1370
66924,1370
66879,1370
210342,1370
153138,1370
246054,1370
242439,63510
155337,63510
184950,1304
157500,30500
206856,1370
206964,62376
206964,1370
206958,62376
253866,63360
176403,62074
160029,53160
183576,57414
186438,63510
188787,1372
188787,1370
178458,53160
228729,30500
207927,1372
212775,57414
181101,34092
181101,56714
186174,54096
248202,1304
191892,63418
89013,11262
189045,11262
212301,56714
212301,34092
188604,1304
191232,1304
206979,30500
242130,63510
209637,11262
184698,63510
191223,63510
231909,63510
241350,11262
211527,63510
251142,1304
187221,1304
233091,59822
153867,1304
233091,1304
194388,11262
231663,11262
217380,11262
233427,11262
154068,11262
129264,62074
244041,62074
198981,10652
248301,56714
187659,56714
72900,56714
211950,56714
128469,1304
242619,11262
208788,62074
176472,1304
212442,11262
244380,11262
161526,11262
89013,1370
189045,1370
195372,10652
206952,63186
156486,30500
154077,11262
64353,57414
222438,57414
248550,1370
208599,1304
205662,63510
203322,63510
203328,63510
242571,63510
203310,63510
227115,63510
249795,63510
252210,63510
208503,63510
2061063,63510
208722,63510
208821,63510
208590,63510
208554,63510
237300,63510
205107,1370
207828,1370
154890,53160
206346,62944
231057,62944
246150,63510
66465,39186
209976,57414
184710,1304
219450,1304
165183,1304
227988,1304
249207,1304
209637,1370
210897,1370
235932,62376
232404,62376
228060,1370
206367,1370
153138,11262
248301,1304
161787,1370
176472,1372
175266,1372
67158,1370
156057,59396
203181,1370
72645,1370
204780,1370
230286,57414
227292,30500
72483,56714
203796,56714
231225,1372
25743,1304
154119,1372
128502,62944
249513,53160
163101,63510
167082,63510
245046,57414
96138,1370
191232,1372
198279,1304
25749,10652
188787,30500
207105,62376
234129,62376
209793,1370
207105,1370
177672,57414
242232,1304
206958,1304
206856,1304
206964,1304
238827,1304
206787,1304
206772,1304
222438,63510
155085,63510
64353,63510
128538,30500
247956,1370
246915,1370
246915,62376
191250,1370
198867,1304
219132,1372
220269,39186
213114,63510
183195,56696
238218,30500
65640,57414
195771,1370
224169,56714
210408,57414
224931,57414
184698,57414
203178,56714
207219,1370
188937,1370
172419,59822
227469,1304
194601,61280
72930,39186
128604,1370
232614,1370
226848,1372
211386,1372
165717,1372
188685,1304
184104,1304
242439,1304
192627,1304
64299,1304
155337,1304
231459,1304
157416,1304
236490,1304
204222,1304
237252,1304
244380,30500
212442,30500
230178,1304
207339,59396
248796,34092
248796,56714
211527,59394
186987,34092
206748,62944
206748,62860
212448,62944
154770,63510
231102,63510
156024,57414
231876,56714
129081,63360
206346,48980
163131,35732
212775,1304
154098,1304
195372,53160
219231,11262
208758,11262
71766,63510
203175,1370
56871,63510
210876,63510
191247,63510
212448,54096
206748,54096
247983,54096
196311,1304
207828,1304
225669,1304
206745,1304
139272,1304
244680,63510
129081,1304
212469,1304
212442,1372
212442,1370
232404,1304
206367,1304
206673,1304
210840,1304
206460,1304
232404,59822
164064,35732
253335,1370
192714,1370
203073,1370
195582,1370
218265,1370
203055,62376
201798,1370
203055,1370
206346,63136
167364,1370
66777,63510
186882,63510
202818,1370
191247,30500
165750,30500
205740,1370
210408,63510
210234,63360
223389,62376
244173,59822
175266,1304
183672,63510
128469,30500
62337,59396
162603,63510
155016,1370
177951,59822
154869,1304
210000,1304
177951,1304
211950,1304
208872,1304
251106,1372
128469,1370
172008,56696
227292,56714
227292,34092
187224,63510
212892,1372
203820,1372
153402,57414
173796,57414
213114,57414
198279,56714
217848,62944
225672,62074
241824,1370
249216,1370
206637,1370
239247,1370
206988,62376
206988,1370
193323,1370
253506,1370
238572,1370
207102,1370
206355,1370
206637,62376
238572,62376
206823,1370
206433,1370
206358,1370
234156,1370
203133,57414
197529,57414
222894,1370
214194,62376
222894,62376
174279,63510
163578,57414
224931,1372
194601,63538
194601,33886
246963,16358
246963,42132
244380,59822
212442,1304
244380,1304
181101,63360
192300,1372
129135,1372
186987,35732
206748,48980
212448,48980
69060,1372
248178,63510
217848,54096
25749,33886
206979,56714
222204,59822
155100,1304
155085,1304
222204,1304
238218,56714
181101,10652
229473,63510
208206,1304
246858,16358
206748,63136
212448,63136
66465,35732
154743,1304
182565,1304
204141,1304
172503,1304
65640,1304
230286,1304
154041,1304
158742,62376
158742,1370
175293,1304
154956,57414
165927,1372
186882,1372
66777,1372
192564,63360
182565,63510
65640,63510
196845,10652
203700,10652
204276,11262
230010,56714
232029,56714
161208,1304
161208,59822
215112,62944
241305,63510
163044,1372
227988,62074
207498,63510
246804,59822
211641,11262
183576,1304
154665,1372
235335,56696
225672,10652
60888,10652
219231,63510
236775,1370
230331,1370
230331,62376
187101,34092
64734,57414
212526,57414
156057,57414
206376,48980
61899,54096
224169,35732
164970,1372
177672,63510
251442,53160
207330,59822
60864,1304
244971,50274
183363,1372
232455,34092
232455,56714
176319,1372
244446,1372
206304,1372
242232,62074
206787,62074
206856,62074
206958,62074
206772,62074
196302,62074
203256,62074
203271,62074
199854,56714
77484,56714
232455,63510
206364,1370
212574,1304
205959,1304
206670,1304
207129,1304
206667,1304
206838,1304
207366,1304
206625,1304
234156,1304
206358,1304
238572,1304
206988,1304
206664,1304
250275,59822
206448,1304
206637,1304
250749,59822
207084,1304
249216,1304
241824,1304
206376,63136
217848,63136
188331,33886
163578,1372
253683,57414
172590,63510
172587,1304
204144,1372
188637,1372
188730,1372
96138,11262
63873,63510
244092,63510
236490,57414
64299,57414
208758,30500
206952,3382
187806,61280
211386,57414
192618,57414
212256,57414
165717,57414
204276,1370
234972,1370
234018,1370
203706,1370
246216,1370
153999,63510
204375,63510
183105,59396
220713,35732
253866,10652
172590,1370
172590,62376
203256,30500
247989,57414
155556,57414
209976,59822
209829,1304
209976,1304
154998,1372
183666,63510
188106,1372
247986,53160
186174,16358
154374,1372
182292,1372
225669,62074
139272,62074
210978,34092
210978,56714
204657,56714
243927,56714
222906,63360
249342,33886
72930,30500
128469,1372
210114,1304
210840,62074
206673,62074
203724,1304
204795,59822
244287,33886
72561,62074
219048,63510
64299,63510
194790,63510
226140,63360
221331,63360
251169,1304
251253,1304
251121,59822
206418,1372
191256,30500
203175,1304
153600,57414
207243,57414
165726,1370
165726,62376
153756,57414
252081,59396
227295,57414
212430,57414
200364,57414
195582,57414
155055,57414
209994,57414
232452,57414
188331,59394
233427,1370
140277,1370
187707,63360
248202,62074
188937,63510
249930,1370
207339,39186
156057,1372
156057,1370
242619,56714
208350,1372
61482,54096
176319,63510
210129,1370
208899,1370
212571,62376
221526,1370
251721,1370
208893,62376
208524,1370
205188,1370
208491,62376
210234,39186
230028,39186
211524,39186
154560,57414
247974,57414
209793,63510
198867,30500
250434,10652
154881,57414
187797,63360
72930,62074
223968,1370
223968,1372
212748,30500
242442,30500
232065,59394
228438,1372
208812,1304
245046,30500
234018,1372
200508,1372
187839,1304
201741,1304
249513,1304
198882,1304
232035,1304
231282,1304
197595,1304
197595,59822
186216,57414
205353,1372
65052,1370
211236,1372
207150,1370
195447,1370
63690,1370
206811,62376
206406,1370
207144,1370
206415,1370
224145,1372
229521,1372
72483,30500
210141,30500
153279,1304
215298,35732
201564,1304
246627,1304
203301,59822
162795,1372
162792,1372
154770,57414
231102,57414
189009,57414
234864,57414
178830,62274
183489,62274
183489,59396
205812,1304
177474,1304
191892,50274
210393,59822
234093,1304
210393,1304
203106,1304
234093,59822
211527,1372
204228,57414
204243,57414
88920,1304
156486,10652
207330,1372
60864,1372
71271,10808
166128,56714
183789,1304
64734,1304
212526,1304
232656,63510
128334,30500
154245,56714
172161,34092
172161,56714
194229,54096
209622,54096
228024,10652
183450,1372
238875,57414
212445,63510
153675,1372
88920,1372
212448,35732
206748,35732
200259,56714
212721,48980
183912,63510
201852,63510
208524,1372
208584,1372
242412,1372
211548,1372
210129,1372
71271,63186
216948,63510
153675,63510
216564,34092
216564,56714
186078,63510
212220,54096
176403,54096
183105,54096
206484,62074
174468,56714
227343,1372
181662,63510
88821,30500
223968,63510
153438,1304
212721,63136
186657,57414
206868,56714
210633,63510
160770,30500
209094,1372
172008,33886
185067,63510
204228,63510
204243,63510
244479,63510
206625,62074
206355,62074
206637,62074
193323,62074
250275,62074
210981,30500
163101,30500
187797,10652
157500,62074
206418,33886
166356,56696
186174,62274
186174,59396
227664,59822
224169,10652
210114,1370
251235,57414
199479,57414
216108,63510
233970,63510
244278,63510
214968,1304
158499,1304
225699,1304
242556,1304
253191,59822
242556,59822
253191,1304
194409,63510
183468,63510
223776,1372
181149,30500
167316,34092
167316,56714
161667,1372
153381,1372
246711,1372
186174,10808
222906,33886
208740,1370
208821,1370
208821,62376
208554,1370
249795,1370
249795,62376
157680,1370
206406,1304
192942,1304
227829,1304
207147,1304
63690,59822
63690,1304
206415,1304
206439,63510
156057,56696
156057,35732
213114,30500
227616,30500
249567,57414
208806,63510
208893,63510
251721,63510
194601,50274
186987,63418
231057,42132
217848,35732
209637,56714
249342,10652
155556,63510
187743,1304
163377,1304
153642,1304
174279,1304
183387,1370
155055,1304
228315,1304
204522,59822
234030,1304
208575,1304
227310,1304
211965,1304
208575,59822
197286,1304
197286,59822
241305,1372
251619,33886
208572,1304
238536,11262
164457,1370
153312,57414
238875,1372
68496,56714
157224,30500
162984,30500
227664,1370
216822,62074
154821,30500
194229,39186
171372,57414
178830,54096
183489,54096
253557,54096
154551,1304
227469,1372
247632,1372
154707,1372
239508,30500
166362,30500
249687,1372
216108,1372
63876,1372
206799,1372
154494,57414
154485,57414
237804,57414
220218,57414
154476,57414
164457,63510
206427,1370
232065,124
212748,35732
156057,39186
72558,1304
72558,59822
208206,30500
128526,62074
203460,49888
237300,1372
157680,1372
206364,63510
196845,59822
196845,1304
167364,1372
206748,63186
213114,1372
196845,30500
179853,56714
212211,1304
232827,1304
178257,63510
211473,63510
67740,63510
72900,1304
60762,50274
221247,50274
220713,63418
176403,39186
232065,63538
194229,59396
236655,53160
183921,63510
227292,1370
227292,1372
208788,63360
68568,1372
186438,1372
160770,1304
172161,35732
219450,62074
223089,56714
195723,1304
198855,1372
153867,1372
227343,63510
231282,62074
198882,62074
249513,62074
211524,33886
238032,33886
242388,63538
230028,33886
198279,30500
191256,1370
207222,59396
156225,63510
241305,1304
211812,30500
237804,63510
194229,124
231900,57414
180495,57414
229539,39186
221331,39186
244287,59394
210978,10652
243927,10652
206481,30500
203178,1304
60864,57414
244005,30500
249081,30500
229527,39186
187707,39186
230331,63510
236775,63510
184104,1372
204093,1304
245631,30500
128526,10652
246963,124
215298,50274
247983,62944
213102,1304
210234,50274
154494,1372
220218,1372
248205,63510
157398,63510
183789,63510
210000,1372
154869,1372
59700,30500
61482,35732
248796,30500
212748,63510
242442,63510
241218,11262
221247,11262
61482,1304
183489,39186
178830,39186
210615,59394
244971,63510
188343,1304
198981,35732
209880,59822
187395,1304
203178,10652
208572,30500
251631,30500
219231,57414
206415,62074
206406,62074
215985,33886
206439,1370
213114,56714
241026,56714
229473,1304
208758,53160
153303,53160
183573,53160
206943,62860
203259,1304
206763,1372
242232,63510
222759,63510
206955,63510
196302,63510
206772,63510
236775,57414
188961,30500
173940,30500
72483,10652
208341,10652
192300,30500
154821,53160
201282,62074
204375,30500
227343,11262
248061,57414
154068,57414
203724,10652
223968,30500
217782,124
204657,63360
235299,59822
65328,30500
247983,48980
197595,56714
64299,1372
194790,1372
250653,62074
208575,62074
64353,1372
222438,1372
155100,1372
249342,39186
194229,50274
211533,54096
210615,124
156225,59822
209154,1304
226623,59822
156057,50274
160770,1370
244173,1372
71766,1304
192771,1370
250629,62376
203058,1370
212505,1370
66378,1370
251085,62376
247374,57414
212211,30500
216822,30500
249930,63510
203175,1372
167451,1372
248250,1372
203274,1372
218061,1372
96444,1372
203733,1372
210882,1372
210171,30500
199479,30500
202818,34092
198981,39186
246858,49888
215112,50274
212220,35732
207996,1304
206412,1370
154797,30500
238293,124
225669,63510
154707,30500
154758,50274
213885,59396
206673,63510
206460,63510
223728,56714
208692,56714
251619,61280
232068,30500
210186,59394
66879,57414
153138,57414
210342,57414
253098,1304
223728,1304
217872,1304
248871,1304
187797,62074
192549,35732
242430,1304
180195,59822
71301,1304
221115,56714
206772,57414
196302,57414
206958,57414
242232,57414
167136,59822
208758,1370
188196,1372
179700,1372
183672,1372
248178,1304
228438,1304
172695,30500
66777,30500
165927,30500
225501,35732
229527,35732
229527,56696
225747,30500
217848,59394
25749,39186
172056,10652
230178,1372
203784,1372
71766,1372
172161,10652
249930,57414
186990,1304
229620,30500
192549,53160
206763,34092
187806,124
222669,63540
77484,53160
211125,34092
183573,56714
153303,56714
183573,34092
227343,57414
207087,50274
212445,50274
182565,1372
62817,35732
189045,57414
89013,57414
211533,39186
247134,63510
191553,1304
182556,1304
244971,11262
128901,1304
167451,59822
203724,33886
211476,62274
207096,57414
179496,1304
220269,124
216564,57414
128763,30500
156486,59396
67335,1304
163251,1372
244680,1304
228060,57414
210897,57414
253416,57414
206673,57414
210840,57414
244380,63360
209697,56714
237057,59396
249579,1304
154167,1304
228753,59822
233559,59822
244041,30500
129081,35732
248796,10652
209622,63538
71271,36720
223089,50274
211140,10808
62337,10808
220269,33886
208350,1304
208350,59822
172503,1372
204141,1372
65640,1372
154041,1372
172590,1304
191556,63510
187707,59396
187707,62274
206484,63510
158766,63510
248061,59822
242151,10652
198882,10652
242388,62944
216822,1304
203790,59822
203796,1304
205959,1372
211533,59396
198981,62074
248061,63510
207339,54096
61899,59394
249216,63510
238572,63510
207102,63510
206667,63510
250749,63510
207129,63510
206670,63510
206637,63510
193323,63510
239247,63510
206433,63510
154077,1304
253671,59822
253671,1304
238032,54096
232614,57414
241203,62376
203316,62376
203328,1370
222306,1370
227115,1370
2061063,62376
210678,1370
237300,1370
246339,1370
2061063,1370
203310,1370
198867,62074
206481,63510
252081,63510
247962,63510
207339,35732
207222,54096
211527,33886
253191,30500
204519,1372
207597,1372
179496,1372
206847,56714
191247,56714
186378,56714
210876,56714
183675,56714
211140,57804
183645,1304
195249,1304
153645,63510
233814,56714
228741,30500
248292,1372
166599,59822
89013,1372
191556,1372
189045,1372
207600,1372
203166,1372
186657,1304
235335,33886
61692,1304
203820,1304
235458,30500
231057,32496
172587,1372
172503,57414
188787,59822
166002,30500
206952,48298
232614,63510
207822,30500
212526,1372
64734,1372
219021,1372
194904,39186
161787,1372
187806,57804
251619,10652
251619,39186
166029,1372
154803,53160
154797,53160
157500,54096
223389,57414
204411,57414
196845,39186
203178,63360
155016,57414
210114,34092
211524,48980
238032,48980
211140,36720
62337,36720
232455,53160
153138,63510
210615,16358
206484,57414
160770,57414
227295,56714
212430,56714
242442,57414
182292,1304
154374,1304
60888,39186
65328,1304
210627,1304
167256,1304
203445,56714
203256,56714
71301,57414
154245,62074
242388,63136
172161,39186
232065,62944
232065,49888
203829,1304
203256,10652
206670,57414
206838,57414
207102,57414
207129,57414
206667,57414
207267,57414
207366,57414
206664,57414
193323,57414
206433,57414
222906,59396
176403,50274
212220,50274
154890,56714
201030,59822
183450,1304
153312,1304
66918,1304
66918,59822
173940,1304
161208,30500
250434,33886
238293,48980
89013,1304
189045,1304
67335,1372
181101,62944
198882,33886
242151,63538
172587,57414
176643,57414
242619,10652
224526,30500
63867,63510
227670,63510
186216,1304
226848,63510
212256,63510
211386,63510
192618,63510
206748,124
235335,63360
183912,1372
62337,54096
198867,56714
203532,1304
234972,1304
229341,1304
200508,1304
234018,1304
195507,1304
222516,1304
203706,1304
229527,50274
165717,30500
212256,30500
209880,30500
183789,1372
241263,1372
231900,1372
240939,1304
206607,62074
206412,62074
155055,1372
204522,1372
209994,1372
227616,1372
204411,1372
183105,33886
191250,59822
246915,1304
222750,1304
213885,61280
244287,62944
189012,1304
177921,1304
181593,1304
228741,1304
228741,59822
208488,33886
253683,1372
154881,1372
204093,30500
178257,59822
211473,59822
211473,1304
67740,1304
178257,1304
244380,63418
212442,39186
156057,59394
184605,11262
154578,1304
212430,53160
165183,30500
242442,1372
225393,1372
210186,1372
212748,1372
187806,49888
195372,35732
253557,50274
157500,63418
219132,30500
72918,30500
234018,30500
156057,54096
157500,35732
222906,39186
232455,1304
201837,1304
242412,1304
251202,59822
238689,1304
208545,1304
251202,1304
237765,1304
208524,1304
221526,1304
244878,1304
208506,1304
205188,1304
211542,1304
210129,59822
208584,1304
208899,1304
208491,1304
183492,10652
72045,10652
229527,33886
239577,1304
246627,56714
201564,56714
203301,56714
248292,57414
205332,33886
224169,33886
186174,63186
186657,30500
197835,30500
154146,1372
65313,1372
244479,1372
185067,1372
210981,56714
163101,56714
250434,62074
196302,30500
222759,30500
232065,48980
188853,56714
228729,56714
63690,63510
207147,63510
192942,63510
206478,63510
181149,56714
207396,1372
207618,1372
206952,57804
229977,1372
153600,1372
167082,1370
211527,63360
249687,30500
222906,54096
197286,33886
250653,33886
208515,63538
226662,56714
234120,1372
191232,53160
128763,1372
156486,39186
221331,54096
66465,59396
183489,33886
253557,33886
232269,59396
156486,56696
217782,62944
223389,59822
197529,1372
227670,1372
60888,56696
60888,35732
225672,56696
62337,63360
239508,1304
154275,56714
195723,30500
71301,63510
164661,56714
207498,1304
68676,1304
179088,1304
212478,59822
251442,10652
211527,61280
187707,54096
186078,1304
157224,56714
164337,56714
207828,30500
139272,30500
128469,62074
181662,1304
213102,10652
153312,30500
247986,35732
211533,33886
215112,62274
206943,54096
186216,1372
211125,10652
209829,1372
187806,63136
187806,63540
172008,49888
191892,62944
172008,62860
238293,62944
153084,1372
206958,1372
196302,1372
242232,1372
206772,1372
238827,1372
250977,30500
166005,1304
186882,1304
166002,1304
66777,1304
172695,59822
166002,59822
242619,59822
203439,62074
203259,62074
166362,56714
167571,56714
203517,1304
154998,1304
178458,1304
228741,1370
187224,30500
239556,56714
242556,56714
206361,33534
247983,33534
65052,57414
230286,30500
182565,30500
65640,30500
207144,57414
207150,57414
63690,57414
192942,57414
210234,35732
232269,35732
250221,35732
191226,1304
197835,59822
208521,56714
210690,34092
210690,56714
208572,56714
251631,56714
192771,30500
203502,30500
250629,30500
203052,30500
199860,30500
203574,30500
66378,30500
129153,30500
59703,30500
253866,56696
253866,35732
249342,35732
208503,1304
208590,1304
208485,1304
208821,1304
252210,1304
242571,1304
211527,35846
211140,10652
154698,56714
246099,1304
212301,33886
186174,124
72108,1304
72108,59822
171372,1372
186078,1372
181149,10652
210615,57804
223782,1304
62817,54096
163131,53160
154887,1372
208788,50274
203439,30500
66843,63360
186657,1372
154665,10652
196311,1372
206745,1372
77484,62074
211413,62074
231663,63510
248250,59822
61908,1304
203274,1304
250362,1304
218061,1304
250020,59822
203670,1304
203145,1304
96444,1304
203733,1304
208524,30500
221526,30500
211548,30500
242412,30500
251202,30500
181110,57414
205959,30500
207999,56714
129081,54096
249081,56714
157224,62074
179853,53160
245631,56714
186174,50720
198867,10652
64299,30500
157416,30500
247029,30500
66843,10652
207600,1304
207588,1304
61899,57804
72558,30500
165183,56714
210615,36720
183213,48980
238293,63136
208515,63360
197286,63360
158766,30500
196845,35732
252081,53160
65052,1372
246042,56714
186990,30500
66918,1372
198573,63538
206955,34092
206958,56714
206964,56714
194790,62074
206637,30500
253506,30500
206667,30500
206625,30500
207102,30500
205740,62074
252081,1372
247962,62376
252081,1370
190776,1370
206481,1372
253335,1372
200364,1372
203055,1372
203073,1372
227292,35732
67158,59822
183105,59394
176403,59394
164457,57414
251253,56714
194883,54096
72930,54096
61824,10652
61824,1304
191553,1372
251619,57804
216108,30500
233970,30500
166995,30500
247962,30500
203178,56696
242388,63186
211527,10652
211527,39186
203811,1304
248013,62074
210615,49888
210615,62944
183573,39186
225390,11262
216498,30500
208347,56714
186174,48980
212442,50274
204375,56714
204375,34092
154758,56696
224841,34092
187650,1304
230010,10652
228741,1372
196311,56714
206745,56714
139272,34092
205107,56714
207096,56714
206514,1372
206484,1372
237057,63538
228729,53160
206940,57804
190776,59394
228060,34092
253416,56714
253416,34092
206646,56714
206367,56714
206673,34092
232404,56714
235932,56714
228060,56714
72108,1370
173940,57414
229527,59394
234297,10652
226662,10652
166356,34092
167364,10652
199479,56714
251235,56714
162795,34092
210171,34092
231057,57804
215112,61280
242571,30500
129204,30500
222306,30500
205662,30500
203322,30500
208740,30500
157680,30500
208722,30500
237300,30500
2061063,30500
252210,30500
194229,35846
225501,124
25749,35732
207219,30500
160029,10652
250947,10652
72117,63360
154758,53160
248013,30500
154707,34092
154707,56714
72117,62274
210627,53160
186384,53160
183492,1304
229536,59822
72045,1304
239577,1372
203142,30500
178458,62074
207339,62944
247983,61280
211344,50720
182295,53160
238068,56714
158499,56714
253191,56714
163251,1304
163131,35846
251106,56714
220713,53160
219048,1304
253557,59394
236655,10652
224631,10652
231057,36720
175878,1304
253683,34092
228741,56714
210615,3382
206937,33886
228741,57414
177474,1372
72483,63418
203796,39186
72930,59396
61899,61280
247986,10652
188331,36720
210408,59822
210120,1304
128502,59396
216498,10652
225276,1304
164640,1304
183672,1304
156063,1304
238032,33534
211524,33534
183387,1304
232065,16358
209799,56714
156024,1304
222894,1304
214194,1304
162603,1304
225390,57414
248202,35732
230010,63538
165786,34092
232065,36720
203889,1304
221151,59822
210846,1304
66378,1304
192756,1304
229521,1304
216648,1304
192771,1304
203058,1304
203574,59822
203574,1304
59703,1304
129153,59822
203502,1304
221151,1304
205122,1304
212505,1304
129153,1304
203052,1304
192771,59822
251085,1304
158016,1304
224145,1304
199860,1304
162792,30500
227292,10652
164064,35846
247983,35846
210114,62074
197673,62274
225501,62944
205740,1304
217848,61280
186174,59394
251493,62074
206928,62074
241824,62074
206664,62074
233559,1372
228753,1372
186882,56714
66777,34092
206514,56714
251619,54096
194601,63360
25749,59396
188100,1372
71301,1372
129264,34092
154068,1372
191247,10652
187974,10652
223104,63538
197529,63510
153279,57414
154146,30500
177474,57414
206928,56714
239247,56714
206433,56714
206664,56714
207366,56714
206667,56714
207129,56714
206448,56714
206433,34092
241824,56714
251493,56714
206448,34092
206637,56714
206823,56714
207267,56714
207339,63136
204657,39186
210978,39186
211344,32496
247374,1372
216948,1372
250434,63360
187650,1372
250947,33886
244446,1304
176319,59822
206304,1304
247548,1304
153402,1304
166029,1304
157854,50274
216108,1304
244278,1304
166995,1304
227295,35732
188331,62944
248064,56714
187734,56714
154011,34092
188730,56714
154011,56714
188637,56714
248064,34092
207387,56714
210141,56714
230331,1304
206415,30500
221115,33886
206427,56714
236520,10808
72108,1372
187806,16358
187806,63186
206748,32496
232269,62860
250221,49888
25749,54096
182292,53160
246627,62074
201564,62074
61824,62074
183492,63360
236226,63360
199242,63360
188331,61280
60888,54096
203517,30500
197802,62074
205332,35732
153072,1372
66879,1372
194229,63136
69249,34092
241305,30500
181860,56714
211533,33534
191247,56696
186378,35732
225747,34092
216564,50274
183492,33886
249342,53160
249081,62074
247956,1372
191250,1372
215985,56696
154275,30500
253671,56714
242442,33886
212748,33886
225393,63538
210186,33886
187101,49888
212220,48980
176403,48980
237057,63360
157224,10652
210393,33886
177672,30500
207498,30500
219021,30500
212526,30500
180495,30500
241263,30500
249513,33886
71271,63136
77484,35846
209622,59394
227829,1372
192942,1372
206415,1372
203796,35732
72483,35732
251442,59396
211473,30500
157938,1304
153999,59822
186216,30500
72045,62074
229536,62074
235458,53160
198882,39186
242151,63418
198882,63418
242130,1370
65577,39186
188331,63136
238068,62074
207387,62074
188637,62074
161667,53160
155097,53160
220011,56714
235299,56714
249930,59822
249930,1304
205731,59822
203322,1304
203310,1304
237300,1304
205731,1304
222306,1304
203316,1304
227115,1304
241203,1304
205662,1304
246339,1304
203673,56714
72930,63538
223104,62074
249159,1304
203673,62944
211950,62074
238293,63186
191892,63186
229737,62074
244479,30500
204243,30500
167364,63538
227292,62074
229977,56714
217620,1372
203775,1304
63867,1304
197529,1304
203133,1304
183492,59396
64959,39186
247989,1304
183213,16358
154890,63360
129081,50274
244971,30500
251631,62074
203073,63510
195582,63510
201798,63510
206427,1372
221331,59396
229539,59396
198522,1372
198522,1370
166437,56714
25743,33886
253557,48980
178830,48980
128901,63418
237840,63538
237840,33886
178458,63360
154998,1370
222906,35732
207219,1372
194229,10808
225501,35846
234129,30500
197802,39186
211533,35846
211533,48980
229539,50274
207822,10652
240939,56714
203673,30500
183213,10808
67158,57414
187707,35732
200259,1304
232656,59822
247974,59822
154560,1304
179853,39186
249207,34092
178458,10652
228060,1372
206673,1372
206406,56714
207144,56714
206811,56714
206478,56714
63690,56714
206415,56714
207150,56714
192942,56714
227829,34092
207147,56714
218673,34092
226623,56714
72918,56714
219132,56714
234972,34092
195507,56714
246216,56714
177951,53160
25749,124
211527,57804
208788,59396
211812,56714
253578,53160
96444,62074
197286,63418
250653,39186
197286,39186
227310,39186
208515,39186
207996,30500
210171,62074
211476,54096
238293,33534
205122,34092
59703,56714
210846,56714
203058,56714
66378,56714
203052,34092
212505,56714
63582,56714
192771,56714
199860,56714
212505,34092
229521,56714
224145,56714
203574,56714
129153,56714
205122,56714
194718,63360
231282,63360
212775,56714
205332,54096
217782,57804
211344,61280
181746,1304
154770,1304
181746,59822
241329,59822
153084,1304
189009,1304
203724,50274
220269,36720
128502,63540
181110,59822
183666,1304
64893,1304
185067,1304
204243,1304
212283,1304
244479,1304
227343,59822
72900,33886
183213,33534
166356,10652
225501,48980
208488,62944
208488,62860
204222,53160
224169,62944
224169,62860
209637,1304
210141,53160
191226,53160
197835,53160
172008,57804
208788,54096
251721,56714
208899,56714
244878,34092
208545,56714
211548,56714
208893,56714
248178,56714
238689,56714
208524,56714
211548,34092
208893,34092
244878,56714
211542,56714
208806,34092
242412,56714
96444,30500
177873,56714
59700,56714
234951,10808
221247,10808
71766,30500
212892,53160
203820,53160
237804,30500
174195,30500
224931,30500
184113,30500
210408,30500
177903,30500
217782,36720
209880,53160
251235,10652
166356,30500
186990,56714
211527,48980
249513,50274
227343,1370
211386,56714
249633,56714
211386,34092
212256,56714
236766,34092
236775,56714
236766,56714
194388,56714
206799,10652
249687,56714
232455,35732
206481,33886
204657,33886
231057,10808
187806,32496
183492,39186
199242,39186
72045,39186
203055,59822
218265,1304
253335,1304
207222,33886
210186,61280
188961,56714
128538,62074
191892,36720
209622,42132
194229,63186
194229,16358
208488,53160
248205,30500
230331,1372
206697,50274
154758,63418
249342,54096
208545,30500
172503,34092
65640,56714
230286,56714
182565,56714
204141,56714
154041,56714
178458,33886
246099,39186
154797,10652
207129,1372
250275,1372
207084,1372
206637,1372
207267,1372
238572,1372
249216,1372
206670,1372
193323,1372
183489,62860
203175,34092
210615,48298
197595,33886
211476,59394
176403,63136
183105,63136
209094,56714
155100,53160
207339,63186
204774,59822
203784,1304
204774,1304
211812,10652
167364,1304
153765,10652
179838,56696
203673,10652
160029,35732
249063,56714
187962,56714
211527,54096
211641,30500
242409,34092
242409,56714
196845,33886
224169,59396
210393,62074
234093,62074
251442,39186
154077,30500
246711,53160
153303,35732
215298,48980
208473,62074
213102,63418
205959,56714
172590,1372
154803,35732
235932,30500
228060,30500
203820,56714
246150,53160
251610,1304
251610,59822
154518,1304
237804,59822
154518,59822
220218,59822
154476,1304
203151,56714
248724,56714
69060,56714
203259,56714
249342,62944
163131,63360
217782,61280
198573,39186
203259,10652
203439,10652
63876,63538
176643,56714
208485,56714
241203,56714
203310,56714
208590,56714
249795,34092
203328,56714
208722,56714
242571,34092
203316,56714
222306,56714
227115,56714
208554,56714
252696,59822
252696,1304
206952,54290
165927,56714
166362,53160
166437,53160
184950,10652
213114,33886
227616,63538
227616,33886
241026,63538
213114,63538
72930,57804
238536,1370
249159,56714
220269,62860
225501,16358
246858,63186
248301,63538
228948,63360
157500,62944
187659,33886
187659,63538
249930,1372
72558,56714
176472,53160
173613,53160
221115,10652
172008,61280
165726,56696
188637,10652
187734,10652
222906,62944
249159,1372
250434,59396
207087,39186
212445,63418
234864,56714
249081,10652
190152,39186
206607,1372
203820,30500
203151,30500
248724,30500
77484,33886
232068,124
183573,63538
153303,33886
192300,34092
163377,56714
207243,56714
220269,35846
225393,33534
183105,35846
176403,35846
236766,1370
194388,1370
211407,53160
241350,50274
186384,56714
167256,34092
206748,57804
247983,57804
212448,57804
212892,10652
224169,50274
198801,56714
211533,10808
244680,53160
217782,10808
194904,61280
164661,53160
154167,62074
25749,63540
25749,63136
198534,39186
210120,53160
224931,53160
215985,16358
60762,57804
221247,57804
229539,33886
72483,54096
242442,10652
212748,39186
210186,63418
222906,59394
194601,36720
157500,33886
66465,36720
229527,35846
227664,53160
68568,10652
186438,10652
183213,35846
206427,35846
204795,35732
128526,59396
193323,30500
206433,30500
191232,56714
156486,35846
217380,1304
75723,35732
75723,56696
157500,63136
227973,62074
66843,54096
234093,10652
212211,33886
240912,56714
155337,56714
194790,56714
236490,56714
242439,34092
243408,56714
157416,56714
231459,56714
157416,34092
64299,56714
222906,63136
206847,10652
192564,124
231096,62074
60762,36720
221247,36720
249081,33886
72900,62074
173667,63418
248013,34092
174468,59396
203670,56714
203733,34092
232656,30500
154560,30500
203142,34092
166599,62074
195249,56714
251643,33534
208068,10652
232068,63538
157854,10652
251643,35846
247374,1304
211641,56714
206412,56714
157398,59822
157398,1304
184104,62074
177672,56714
64353,30500
183387,1372
253866,62274
198801,10652
230028,33534
154245,62944
172161,62944
251235,53160
188787,33886
234297,39186
238293,32496
194229,57804
206748,11490
207087,33886
212445,33886
223776,53160
196845,62944
229737,34092
228948,33534
212430,62074
244380,62860
167256,62074
216033,62074
210627,62074
186384,62074
66465,62944
210168,53160
210342,1304
153141,1304
66879,1304
205815,1304
66924,1304
232614,30500
128604,30500
205905,30500
205812,34092
177474,56714
128526,124
207330,56714
25749,57804
208692,33886
224526,34092
223968,10652
67827,62074
153312,62074
204795,59396
203724,59396
155085,56714
222438,56714
222204,56714
64353,56714
234297,54096
203445,56696
203256,35732
203256,56696
162603,56714
203232,62074
203133,62074
192159,62074
223776,10652
206847,33886
162957,33886
191232,35732
179853,59396
186174,61280
211740,39186
207240,39186
197673,33534
153765,56696
202638,63538
194409,10652
154551,56714
229539,57804
183213,36720
167451,10652
251106,63538
247986,63418
89013,30500
206376,11490
187707,57804
60888,63540
223071,56714
223776,56714
207339,61280
154146,53160
211047,53160
183666,53160
184950,62860
186657,53160
232269,61280
242388,61280
194904,54096
196722,53160
203256,53160
244041,10652
155097,10652
205353,62074
203724,54096
197529,30500
203133,30500
235458,34092
251643,35732
251643,56696
206439,30500
183195,48980
242151,35732
198882,56696
194718,63418
246804,10652
72645,1304
72645,59822
230286,62074
172503,62074
248550,62074
167451,35732
155097,56714
161667,56714
244380,63136
246915,30500
251442,33886
232065,32496
229977,10652
176403,16358
176403,63186
241305,56714
186657,56714
154578,56714
154542,34092
184509,56714
61692,56714
210168,56714
209976,53160
247632,62074
208491,62074
244878,62074
208545,62074
210129,62074
208524,62074
238689,62074
221526,62074
181110,62376
209094,56696
72930,62944
194883,62944
174468,35846
249342,63360
251643,16358
206364,33886
153312,53160
190776,39186
247962,39186
188730,53160
187734,53160
238887,53160
128763,10652
231057,61540
212445,57804
206697,10808
205812,10652
226662,62944
226662,62860
65640,10652
230286,10652
207222,35846
71271,61348
241329,56714
154770,56714
154758,62274
183213,61280
186438,62074
154032,62074
212211,56696
251142,35732
230604,53160
186378,53160
188700,53160
191247,53160
172419,53160
235335,61280
167136,56714
158658,56714
228024,63360
247374,56714
216948,56714
225747,56696
228438,56714
186987,61280
222894,56714
183450,56714
174468,62860
153999,56714
153999,34092
157938,56714
209637,10652
187395,34092
186384,10652
198279,39186
181593,53160
212445,36720
198882,59396
211740,56696
211740,35732
230010,56696
232029,35732
186177,49888
198534,50274
187707,62944
61692,10652
195582,62074
71271,11490
224631,39186
183489,63186
253557,63186
234030,56696
67764,56714
187224,56714
204228,53160
225012,56714
187221,56714
153867,56714
198855,56714
172587,10652
236490,10652
205722,10652
222906,36720
156057,63540
183363,53160
248202,35846
181593,56714
166029,56714
191226,62074
183492,54096
154890,63418
203820,62074
198882,54096
209799,63360
210615,33534
197835,56714
181371,34092
195582,30500
233559,56714
212526,56714
241263,34092
219021,56714
157680,62074
203811,53160
25749,48980
176403,57804
181110,56714
175878,56714
153288,56714
153288,34092
186174,3382
207996,56714
231144,34092
231144,56714
128685,63538
219231,63360
242556,30500
212445,59396
207087,62274
212256,10652
186942,10652
252696,34092
252696,56714
224169,16358
220269,16358
211527,62944
242442,57804
157500,42132
204483,56714
156225,53160
163131,62944
183789,62074
231900,62074
212526,62074
180495,62074
72483,50274
208341,50274
203796,50274
227988,10652
188100,56714
242430,56714
187707,63136
211533,57804
229527,57804
155055,30500
176403,36720
154743,56714
154743,34092
209637,63538
206940,3382
155085,10652
155106,10652
222438,10652
64353,10652
248373,59396
227310,59396
197286,59396
230331,56714
203796,33886
208341,33886
232827,54096
187797,54096
153303,59396
245976,62074
225390,1370
77484,63360
164640,34092
231909,56714
88920,10652
178458,39186
192564,62944
25749,49888
231225,62074
203145,56714
203241,34092
203274,56714
205947,56714
204657,35846
210978,35846
153756,56714
72930,59394
204276,1304
188331,10808
183573,54096
250668,10652
203670,10652
218061,10652
227238,10652
203274,10652
210825,10652
61908,10652
155055,56714
219231,33886
203784,34092
186174,32496
234297,33886
206364,10808
186942,35732
165717,35732
165717,56696
212256,35732
229737,10652
178830,57804
244278,56714
166995,56714
244278,34092
166995,34092
211950,49888
211950,62944
205332,49888
154476,53160
154518,53160
184113,53160
220218,53160
154494,53160
235335,16358
227664,56714
242442,48980
212748,48980
225393,48980
235458,56696
183387,56714
182295,34092
182295,56714
246150,56714
252081,35846
213102,56696
250653,54096
197286,54096
178458,54096
251106,53160
72483,59396
203829,56714
223389,56714
198573,56696
153642,62074
211527,63540
211527,63136
251829,59394
237840,63136
198210,62944
197802,59396
153756,62074
222669,10808
228315,62074
165684,33534
187974,33534
236655,35732
187806,61348
248061,34092
154068,34092
249207,33886
249342,124
188937,56714
227238,30500
72930,10808
214968,10652
253191,10652
62817,35846
206364,59396
61344,59394
163377,53160
154077,56714
253683,10652
183105,61280
176403,61280
212220,61280
242232,63538
222759,33886
242232,33886
206955,33886
215298,16358
206763,35732
206763,56696
198882,124
157500,48980
65052,1304
242442,54096
231102,10652
186882,53160
176472,35732
249687,33886
198279,35732
182565,53160
154797,63360
71271,50720
239556,10652
192735,63418
187224,53160
203256,33886
244380,42132
188196,62074
156063,62074
250977,62074
240852,53160
156063,56714
183672,56714
182292,34092
182292,56714
167571,63360
198534,56696
72483,62860
208341,62944
196311,33886
225669,63538
207096,33886
139272,33886
248061,30500
238068,30500
156024,62074
248202,63186
248202,42132
206346,61348
62817,48980
253416,63538
232404,33886
63876,39186
198522,63418
204411,10652
67764,10652
196845,50274
192564,50274
63582,62074
221151,62074
203052,62074
216648,62074
224526,10652
176403,10808
154698,10808
230178,63360
253866,63540
253866,63136
203811,62074
213114,39186
206484,10652
153303,35846
206439,62944
198867,33886
249342,48980
62337,62944
211140,62860
206433,10652
66777,10652
227664,39186
194904,63136
194601,48980
219021,10652
64734,10652
212526,10652
183789,10652
204657,54096
176472,63538
206979,16358
230331,62074
89013,53160
189012,56714
153150,56714
206304,56714
227310,124
211965,124
153303,62944
211125,62944
212448,61348
249159,33886
154698,50274
253671,10652
154797,62074
220269,61540
183195,61540
209622,62860
128334,63538
208788,62944
183105,32496
207222,63186
221331,59394
229539,59394
195723,56696
234297,35732
226623,10652
192564,59396
196845,59396
212430,63360
194229,11490
166005,53160
220011,53160
232455,59396
194883,16358
60864,10652
220632,10652
186657,10652
248301,59396
187659,62944
253557,10808
242619,50274
252081,48980
190776,48980
163251,34092
163251,56714
68676,56714
246915,53160
246858,62274
188343,10652
206514,63538
206484,63538
203301,33886
190152,35732
62817,57804
242130,10808
211473,34092
178257,56714
178257,34092
211473,56714
223782,34092
163101,33886
225501,32496
186216,56714
167136,10652
163131,32496
231876,33886
226662,33886
220713,50274
207996,62074
201852,62074
206376,61348
207129,33886
241824,63538
207102,33886
238572,33886
206838,33886
249216,33886
193323,33886
250749,33886
206433,33886
241824,33886
202818,50274
211407,48980
75723,39186
183468,56696
187962,35732
204771,56696
154797,39186
206763,39186
154665,62274
204522,10652
207339,57804
248202,50274
153999,62074
208788,59394
227973,56714
184698,10652
164640,10652
154146,56714
188787,54096
129081,59394
62817,16358
176319,53160
173940,10652
211527,124
207618,34092
207618,56714
219048,56714
249930,62074
222306,62074
245976,53160
194718,35732
249486,10808
187659,124
247962,54096
206481,54096
65577,124
228729,35732
249486,48980
181101,50274
157224,33886
157224,63538
204780,56714
154821,33886
207339,36720
129081,16358
212469,16358
181101,63136
