181101,57414
181101,1304
181101,1370
187101,1370
250434,57414
208488,1304
250434,1370
250434,1304
187101,57414
186174,1370
234297,11262
249342,11262
197286,11262
186174,11262
181101,1372
187101,1304
181101,11262
153303,57414
208599,1304
194229,1304
194229,11262
186174,56714
186174,34092
60864,1304
197286,63510
251619,11262
187101,30500
188331,57414
25749,11262
208599,57414
25749,1370
195507,1304
194229,62376
194229,1370
211950,1304
211527,11262
251442,11262
154890,57414
153303,1304
183492,11262
165750,1304
72900,1304
197286,34092
197286,56714
208524,1304
194229,56714
208761,11262
251619,57414
181101,30500
72900,57414
184950,1370
187101,1372
212442,11262
154890,1304
246618,1304
226662,1304
186378,1370
166356,57414
25749,1304
249486,56714
181101,56714
181101,34092
206346,11262
251442,63510
88821,1370
207339,11262
236226,11262
250434,1372
224169,57414
197286,30500
211413,1370
242442,1304
198867,57414
153303,1370
195507,57414
200502,11262
208740,11262
211413,1304
251442,63360
208488,11262
208488,56714
224169,1370
172161,1304
186174,1372
181101,63510
186378,11262
154890,1370
251442,57414
197286,1304
175293,1370
234297,63510
183573,1304
208488,63510
166128,57414
212301,1304
211950,57414
251619,56714
216108,1304
212721,11262
206346,1304
178830,11262
183489,11262
208761,63510
25749,57414
213885,11262
192618,1370
248013,57414
195507,34092
195507,56714
187707,11262
60864,1370
68496,57414
123150,1304
198867,1370
238293,11262
249486,62376
249486,1370
88821,56714
194229,57414
60888,1304
172161,57414
208506,1304
208806,1304
212442,1304
88821,11262
208821,63510
72900,11262
250434,11262
251619,63510
188331,1372
252480,57414
195723,11262
208488,30500
211413,57414
201564,11262
195507,11262
251643,57414
196845,11262
206955,1304
184950,1304
206868,1304
187101,10652
172161,1370
209622,11262
188331,11262
240939,56714
247983,1304
187806,1304
221526,1304
212256,1304
213102,11262
208740,63510
200502,63510
183573,1370
206412,1304
208599,56714
72930,11262
71766,1304
211413,56714
241305,11262
25749,63510
251631,1304
68496,1370
224211,11262
198882,1304
154803,1304
249633,11262
198867,1304
154743,1304
163131,1304
164457,57414
182292,1370
182292,62376
206376,11262
204144,1370
228729,57414
183213,57414
208821,1304
208761,1304
251643,11262
209622,56714
195771,1304
222438,1304
183213,11262
208899,1304
238689,1304
244878,1304
203295,1304
186174,63510
212748,11262
242442,11262
251619,1372
181101,62074
206847,1304
184950,56714
178830,56714
183489,56714
249342,34092
249342,56714
242856,11262
198552,11262
165750,11262
247983,11262
181101,10652
208524,57414
153303,1372
208599,11262
206847,11262
66465,1304
198882,56714
203700,11262
225699,11262
251442,56714
174468,57414
165750,1370
220713,1304
250653,1304
154797,1304
164337,1370
200964,63510
211965,1304
234030,1304
206748,11262
212448,11262
153303,11262
213114,1304
209622,1370
195507,30500
196845,1370
72900,56714
72900,34092
154890,11262
195507,63510
234297,30500
207219,57414
66465,1370
206514,1304
188331,1370
211413,11262
208482,1304
186378,56714
212283,1304
234120,11262
208599,63510
208524,56714
200502,1304
191223,62376
227292,11262
211548,57414
222438,11262
164661,1370
201564,30500
68496,1372
206856,1304
201564,63510
213978,56714
211413,30500
194229,10652
167571,1370
159831,11262
194229,30500
211527,1372
232269,11262
220728,11262
61692,1370
182292,57414
154779,57414
25749,56714
220713,11262
211761,11262
225669,1304
206376,1304
194082,1370
198867,56714
251619,30500
244680,1370
198882,11262
213102,1304
188937,57414
157224,1304
210234,57414
225393,1304
183213,62376
183213,1370
60864,56714
60864,34092
210234,1304
197673,11262
217782,1370
222438,1370
198981,1304
77484,1304
187797,11262
226662,57414
246618,56714
211548,56714
250653,56714
211965,56714
234030,56714
178830,57414
192618,34092
248013,63510
208761,30500
204144,57414
198882,57414
251631,11262
194229,63510
128502,1304
234018,1370
234972,1370
212721,1304
203151,11262
188700,11262
242856,1370
249795,11262
200964,34092
184950,30500
163101,1304
71766,57414
237300,11262
205662,11262
203316,11262
197286,57414
156057,57414
173667,1304
227292,1370
155097,57414
208599,30500
208599,1370
197673,56714
203106,1304
234093,1304
210393,1304
238875,1304
249342,63510
250653,11262
155097,1370
212748,56714
242442,56714
206364,56714
234030,11262
61344,11262
251442,10652
252405,11262
188331,63510
211950,11262
153885,57414
66465,11262
222669,1304
228729,1370
187806,1370
232035,11262
250434,56714
199242,1304
72045,1304
198981,1370
251643,1304
212301,11262
251967,11262
248682,11262
205107,11262
249567,1304
234018,1304
234972,1304
225276,1370
200964,30500
199242,63510
153312,1370
166995,11262
154797,57414
219231,11262
183492,63510
228729,1304
206748,56714
212448,56714
163131,1370
60888,62376
60888,1370
186174,10652
184674,1370
153312,1304
249633,56714
252210,1304
242232,57414
222204,1304
216108,11262
188937,1304
234297,56714
212256,11262
242409,1304
72930,10652
208506,57414
208893,57414
194082,1304
198981,57414
187806,63510
205812,1304
161403,1304
166128,1370
207366,1304
211632,57414
242409,1370
128502,1370
154743,1370
249294,1304
153312,11262
182292,1304
164337,57414
251631,56714
251631,34092
183573,11262
242556,11262
206847,1370
240939,63510
251442,1372
68496,1304
165744,11262
230604,1370
178458,11262
154146,1304
208758,11262
234972,11262
208524,11262
206868,56714
25749,10652
153792,11262
192771,1304
251085,1304
224145,1304
223554,1304
199860,1304
203889,1304
210846,1304
203058,1304
229521,1304
252375,1304
66378,1304
197673,1370
239577,1370
178830,1370
183489,1370
238878,1370
230604,1304
198552,1304
239556,1370
210876,11262
232035,34092
232035,56714
222906,11262
154011,1370
188730,1370
221526,56714
249342,1370
208740,30500
200502,30500
249687,1370
195771,1370
205959,11262
206427,1304
198792,1370
183492,57414
197286,33886
210876,1370
238887,1370
209622,57414
182565,11262
183105,56714
186378,57414
211413,1372
251442,62944
251442,1370
252081,56714
207339,56714
197799,1304
157224,1370
242151,56714
159033,57414
153381,57414
183213,1372
251619,62944
163101,57414
157185,1304
72045,57414
164661,11262
196845,57414
206988,11262
211473,1370
69249,1370
129081,1370
200502,56714
205662,1304
252405,1370
213102,1370
212283,1370
238878,11262
225276,1304
208893,56714
206868,57414
25743,1370
157767,1304
211761,1304
71766,1370
187797,1370
175293,11262
206955,57414
220269,56714
208812,1304
205959,1370
225699,1370
72930,1370
186174,30500
225699,1304
234297,33886
187806,63360
249567,1370
221526,11262
210690,11262
153312,57414
244680,57414
203724,11262
243546,11262
157398,57414
213885,30500
72930,30500
220713,1370
248178,1370
226662,1370
210234,1370
204795,11262
207219,1372
211473,1304
251643,56714
184950,1372
208899,57414
203295,57414
238689,57414
236115,11262
223968,11262
216498,56714
154797,1370
226662,11262
211548,11262
220269,57414
128502,57414
236226,63510
154068,11262
206346,56714
249513,56714
249513,34092
183489,30500
178830,30500
183195,11262
195723,1304
210234,1372
157767,11262
242232,11262
164457,1372
192618,57414
190152,56714
183213,56714
60888,56714
229341,57414
220713,57414
208872,57414
206823,11262
250275,11262
72045,62376
72045,1370
198882,30500
60888,11262
198867,11262
164661,57414
182565,1370
182565,62376
209793,56714
206697,56714
249633,57414
174468,11262
198882,63510
191223,57414
206784,1304
192942,1304
206433,57414
224931,1370
211632,1370
240939,30500
203151,1370
208524,30500
208524,50718
206376,57414
242232,34092
242232,56714
238827,56714
182565,1304
153303,56714
72930,63510
203700,10652
206433,11262
211950,56714
251619,62074
154881,1370
186990,1304
164064,57414
188937,1370
240939,1304
199242,56714
72045,56714
247983,56714
252480,1304
212301,57414
251631,63510
208872,56714
68496,11262
250653,63510
251631,30500
179088,1304
249567,57414
181149,1304
190152,57414
155556,11262
251442,39186
212442,63510
181662,1370
219450,1304
238878,1304
206847,56714
251631,57414
251643,62376
209697,1370
212256,56714
217782,1372
186438,62376
249342,1372
208536,56714
238689,56714
244878,56714
203295,56714
208488,62074
238263,63510
25749,50718
25749,30500
242442,1370
212442,1370
211383,11262
190776,11262
186174,62944
159033,11262
206940,56714
176472,1370
205959,1304
210978,1370
154707,11262
210690,56714
225393,11262
208491,56714
251619,59396
203295,11262
244878,11262
225672,62376
225672,1370
159831,57414
154779,1372
197286,59396
232035,57414
183105,57414
206346,57414
222204,1370
222750,1304
154881,57414
238875,1370
206346,63510
242619,1370
208575,11262
153960,57414
210876,1304
182292,30500
234156,11262
203142,1370
247983,57414
128538,57414
155097,1304
225480,1304
183492,62376
242556,1370
154827,1370
238293,1372
198981,11262
232404,1304
181101,35846
232035,63510
189045,1370
208506,11262
206346,1370
229341,1304
211548,30500
217002,11262
128538,56714
182292,11262
209154,1370
72918,1370
217293,1370
184710,1304
186987,1304
223968,1370
238218,1370
153381,1370
159033,1370
206433,1304
220269,1370
183213,1304
208491,11262
225012,1370
222438,57414
204375,11262
203796,62376
203796,1370
203790,1370
210114,1304
181101,35732
159831,1370
207927,1370
183492,56714
166995,1370
194229,16358
210627,1304
164007,1370
188937,1372
230073,1304
246216,57414
242151,11262
243927,1370
203724,1304
212301,56714
62817,30500
246804,11262
208500,56714
249342,30500
72045,30500
204144,11262
240939,11262
216108,1370
187806,1372
153885,1370
176472,57414
206823,1370
203322,63510
222306,63510
208209,1370
194229,1372
64365,1370
208053,1370
184674,1304
178068,1370
164064,1304
195723,30500
248373,11262
184674,57414
198867,30500
178257,1304
178830,1372
183489,1372
232827,1370
77484,57414
227829,1304
184698,62376
184698,1370
208872,63510
247632,57414
203058,63510
66378,63510
199860,63510
224145,63510
181662,57414
154803,1370
186438,1304
205947,1370
211947,1304
249795,1304
222306,11262
153885,1304
164064,1370
214506,1370
129081,57414
155055,62376
251619,35846
207216,1304
210840,1304
154707,1372
208524,63510
203175,57414
208491,57414
207366,57414
250275,57414
252210,11262
252210,63510
207387,1370
156486,11262
225276,57414
203454,57414
224280,57414
242232,1372
252081,63510
207339,63510
217494,1370
242232,62074
66777,11262
186882,11262
208524,1370
242856,63510
128502,10652
251442,30500
183195,56714
176403,56714
208341,1370
242856,30500
153792,1304
198873,11262
217848,11262
251619,33886
200502,57414
237300,56714
203310,56714
205662,56714
237300,34092
157767,1370
184104,1304
72930,57414
25743,1304
164457,1370
191232,1370
191232,62376
208473,11262
187734,1304
154011,1304
183576,1304
249294,30500
209073,1304
248178,56714
248013,1370
227292,56714
242556,56714
222750,1370
248013,30500
156057,11262
162792,1304
234297,10652
237300,57414
232827,11262
206376,56714
206376,34092
72930,33886
187875,1370
242556,1304
206856,57414
213102,57414
208482,11262
216822,1370
174468,1370
88821,62074
25743,56714
203724,57414
203151,56714
216498,62376
210690,63510
249342,59396
186327,1370
221526,30500
210690,30500
156057,1372
229341,11262
157185,57414
205812,1370
232068,1370
203454,11262
154743,1372
203517,1370
166356,11262
187707,57414
72900,1370
203316,30500
203310,30500
237300,30500
181149,1370
234297,35732
187797,1304
128526,1370
211476,57414
63690,1304
210690,57414
225699,56714
232035,30500
155556,1370
245976,1304
72930,63360
242442,57414
162810,11262
153204,11262
77484,11262
200964,33886
206364,11262
211527,63510
197286,1370
249930,11262
249687,11262
206637,1304
242439,1304
154476,1304
153885,1372
238293,30500
203106,57414
234093,57414
210393,57414
167082,1304
211950,1370
187395,1370
66918,1304
204795,63510
164337,11262
183492,30500
188685,1304
154797,1372
160029,63510
206439,1304
234297,57414
190152,11262
206868,11262
189045,57414
198981,1372
207216,57414
183576,62376
245976,11262
191247,56714
224280,1370
203454,1370
224169,11262
234972,30500
154167,1370
212220,56714
213114,56714
197286,62944
236226,56714
220728,1304
216498,11262
183105,1370
236115,1370
236115,62376
186174,33886
242151,57414
225501,1304
223968,56714
232827,1304
189045,11262
157224,11262
227115,63510
179853,56714
197799,11262
212445,56714
219450,11262
154146,1370
206748,57414
198552,30500
183573,56714
183213,63360
211989,1304
206346,63360
174279,11262
229536,63510
60888,1372
212442,1372
242151,63510
212442,10652
64299,1370
188685,1370
230178,11262
129204,1304
187734,57414
188730,57414
227115,11262
196722,57414
203268,57414
203259,57414
203271,57414
248250,57414
203439,57414
197034,57414
181101,62944
211476,1304
212283,11262
182565,57414
211527,33886
153999,1370
163131,1372
187707,1370
230178,1370
203322,1304
222306,1304
220269,1372
212721,57414
183672,1370
238887,57414
247134,11262
61692,56714
238263,56714
206748,62074
212448,62074
176472,1304
250221,11262
212721,1370
61344,56714
197799,30500
172161,1372
171702,1304
208797,56714
187395,1304
72045,10652
157185,1370
178257,1370
186657,1370
186657,62376
210876,56714
212721,56714
208092,1304
211383,57414
188331,56714
206412,11262
187101,39186
212721,63360
183492,1304
224169,56714
153960,1370
234030,57414
154068,1370
183489,10652
208209,11262
242619,57414
66924,57414
236490,57414
248013,34092
207339,59396
183492,63360
66924,11262
212442,62074
222438,30500
222669,56714
208092,50718
206427,1370
172419,57414
211386,1370
203724,34092
203724,56714
161667,30500
25749,63360
250653,30500
250434,63510
197286,39186
203268,11262
203259,11262
203439,11262
187962,11262
154068,1304
208554,56714
212721,10652
211965,30500
225393,56714
61824,1304
230073,1370
71409,1370
154803,1372
187743,11262
181101,63360
194409,11262
251829,1304
65640,1370
204480,1304
203295,63510
193323,11262
196845,56714
246216,11262
225501,11262
205107,34092
205107,56714
183195,1370
234021,1304
244380,57414
232827,57414
212301,1372
211989,11262
203790,57414
203796,57414
128502,63510
225012,56714
243408,1370
206988,34092
206988,56714
203454,56714
25749,39186
172419,11262
65640,1304
241305,56714
227310,56714
204228,1304
215298,56714
225672,57414
210876,57414
251643,63510
179853,63510
72930,56714
210978,57414
204795,1304
216822,1304
187797,30500
206637,11262
178458,57414
228948,1304
249930,1370
241389,57414
194229,33886
208473,1304
184698,57414
195507,62074
187395,11262
211524,11262
227343,11262
239577,57414
230073,11262
249294,57414
208893,63510
208806,63510
165744,57414
203271,1370
248250,1370
203268,1370
196722,1370
203274,1370
204762,1370
203439,1370
248250,62376
203259,1370
239577,11262
209793,1304
204411,11262
195723,34092
195723,56714
178068,57414
208482,56714
204795,56714
208491,63510
234093,63510
205959,56714
208533,56714
242412,30500
208491,30500
208491,50718
242412,11262
157398,11262
211476,62376
211476,1370
224211,63510
252210,57414
242439,11262
252480,11262
212748,30500
197529,11262
128502,1372
250434,30500
225501,1370
186378,35846
236226,30500
206439,1370
213102,30500
194229,50274
71766,1372
207087,56714
154146,57414
236775,1370
207216,1370
219021,1304
208797,1304
206406,11262
161526,57414
203727,1304
157938,1304
241305,30500
178458,1370
223728,1304
243546,34092
206637,1370
206637,62376
246915,1304
241389,1304
220713,1372
153084,11262
129081,34092
129081,56714
188700,63510
200964,10652
231909,1370
203142,56714
163131,56714
183492,10652
156057,1304
230028,11262
212220,57414
186990,1370
167082,1370
240912,1370
174468,56714
208872,30500
236655,11262
186378,10652
207366,56714
250275,56714
206823,56714
163578,1370
96444,57414
203277,57414
186657,57414
206988,1372
243927,57414
210114,11262
203133,11262
174468,1304
236775,1304
204222,11262
161403,57414
207339,10652
210954,57414
208482,57414
223554,11262
203058,11262
205122,11262
252375,11262
224145,11262
192771,11262
251085,11262
199860,11262
66378,11262
203112,11262
216648,11262
238293,63360
156057,1370
156057,63510
193323,1304
215112,63510
165744,56714
213102,56714
204057,11262
162603,1304
72900,62074
230178,57414
235932,1370
232404,1370
166128,11262
204411,62376
207222,57414
249486,30500
188787,11262
227988,1304
225480,1370
252375,57414
192771,57414
66378,57414
223554,57414
251085,57414
229521,57414
252774,57414
203889,57414
199860,57414
253098,1304
188331,59396
154494,1304
234018,1372
153792,1372
214194,62376
211125,11262
236226,1304
66924,1370
128526,56714
204375,1304
203133,1370
220728,56714
232269,56714
208893,1370
208506,62376
72918,56714
226623,56714
242619,56714
206784,11262
171702,11262
246804,63510
225501,56714
154551,1304
206427,56714
163101,1372
197673,30500
61824,1370
179853,33886
250974,11262
249342,56696
207927,1372
197034,34092
203259,56714
196722,56714
203268,56714
178458,1304
206637,1372
186438,11262
207243,57414
191232,57414
191223,11262
252081,57414
203727,11262
167316,11262
167652,1370
154890,56714
157398,1372
204780,57414
203178,1370
203178,62376
153960,1372
205659,57414
241389,1370
172161,11262
208722,1304
196455,1304
240939,33886
209154,1304
211950,30500
211950,50718
154881,1372
166995,57414
242556,57414
211527,63360
224145,56714
203058,56714
205122,56714
59703,56714
66378,56714
199860,56714
252375,56714
192771,56714
229521,56714
216648,56714
203112,56714
212748,1372
242442,1372
211524,57414
154698,56714
211125,1304
184674,1372
160770,11262
177474,1304
194904,11262
208599,1372
252210,56714
61824,11262
66915,1304
203277,56714
224145,30500
229521,30500
251085,30500
203058,30500
216648,30500
210846,30500
205122,30500
252774,30500
199860,30500
66378,30500
252375,30500
205122,50718
174468,1372
207339,30500
187707,10652
207339,62376
252081,1370
181101,61280
163101,56714
208722,56714
208485,56714
211761,1370
96444,1370
250668,1370
250020,1370
204717,1370
96444,62376
210342,1370
232455,1370
232455,62376
211386,11262
64959,11262
216108,57414
183492,1372
236655,1304
222750,57414
182565,56714
187707,56714
198882,62376
198882,1370
203175,1370
248301,1304
193323,1370
167451,1304
154476,1370
251610,1370
247983,63510
154167,11262
203142,1304
203790,1304
206940,62074
222438,10652
226662,56714
154770,1304
25749,54096
200964,35732
246711,11262
206856,11262
153303,30500
203733,1304
154551,11262
183489,61280
225669,1370
248682,1370
164007,11262
154890,30500
240939,57414
181704,1370
227238,1370
251967,56714
210954,1304
153885,11262
175266,1304
203700,56714
203460,56714
183195,1372
212448,1372
235458,11262
176403,30500
183489,54096
166995,56714
227292,30500
186990,56714
203073,11262
68676,57414
176472,1372
203724,30500
213114,62074
211947,11262
230331,1370
206850,11262
182292,63510
225672,56714
252177,57414
221751,11262
224280,50718
203454,30500
204795,50718
204795,30500
183489,1304
178830,1304
208794,1370
213885,63510
195771,1372
233970,1370
209799,57414
245154,11262
220728,1370
232269,1370
207084,1304
214194,11262
182292,56714
251619,59394
154551,1370
249342,62944
172419,1370
202638,30500
157767,56714
216108,34092
216108,56714
247974,1370
246216,63510
213885,61280
157767,63510
187743,57414
123150,63538
123150,33886
207387,57414
206376,30500
251619,63186
212745,1304
163131,63510
183105,30500
238878,1372
222306,56714
208053,11262
212586,1370
206439,34092
223104,11262
153381,1372
211524,1304
246216,34092
246216,56714
203790,56714
203796,56714
215112,56714
229737,1370
156486,1370
204243,1370
204228,1370
251235,11262
155388,11262
189045,1372
206433,56714
206349,34092
206349,56714
212232,11262
155388,1370
72045,63360
222438,34092
222438,56714
250362,1370
159033,56714
213513,1304
208758,56714
250947,34092
250947,56714
185067,1370
186882,1370
66777,1370
217848,1370
192159,57414
187707,30500
187707,50718
246804,1370
206427,11262
165726,1304
181662,11262
210978,11262
157185,11262
162603,62376
162603,1370
191451,1370
154167,57414
206364,63510
205812,57414
183573,62074
208566,1304
246339,1304
160029,56714
227292,1372
247632,1372
208554,57414
153204,1304
72483,56714
208341,56714
186657,11262
188685,11262
242130,56714
187734,1372
188730,1372
25749,35732
212442,30500
196845,1372
222906,56714
251235,1370
203511,1304
214968,56714
251643,62074
165726,1370
153381,56714
251967,57414
192618,1372
203322,30500
222306,30500
183672,1304
207240,1304
203733,1370
204762,34092
123150,1370
153312,1372
61692,33886
177873,1304
196845,33886
196845,63538
221526,1370
197529,1304
203142,50718
249294,1370
208566,63510
211524,1370
157224,1372
217293,1304
153312,56714
205812,11262
210876,30500
252177,63510
212220,1370
156057,63360
153792,34092
211950,62074
178068,11262
216822,56714
198867,63510
211527,3382
205659,11262
153084,1370
210954,11262
225393,1370
234297,32496
194082,56714
234297,59396
242556,30500
207078,1304
128502,33886
206937,11262
72900,33886
159831,63510
72930,39186
211383,1372
203829,57414
234297,62376
234297,1370
188700,10652
154779,1304
128526,11262
230010,11262
154797,11262
207222,56714
194229,59394
60864,30500
206346,50718
234120,1304
226623,30500
205959,1372
201852,11262
206412,62376
208794,11262
244380,62074
197286,48298
225276,11262
246915,11262
251631,1370
251631,62376
161526,11262
206667,1304
249216,1304
204228,57414
129081,10652
242856,33886
242856,63538
212748,63510
203133,1304
242619,11262
206439,1372
227988,11262
243927,11262
228948,62376
220713,56714
239556,56714
248301,62376
238572,11262
203271,62074
203259,62074
203439,62074
183672,30500
155097,56714
249342,39186
216822,11262
243408,11262
206748,30500
208209,57414
206850,56714
194229,54096
208758,63510
157224,56714
203259,30500
203271,30500
203439,30500
247632,11262
192159,1370
210876,63510
186378,16358
222906,30500
203700,35732
209154,56714
232404,56714
235932,56714
206637,56714
154098,11262
191556,11262
219231,63510
203259,1304
203268,1304
203271,1304
204762,1304
203274,1304
196722,1304
188331,63136
164457,63510
234120,56714
188787,1372
217293,11262
72918,11262
190113,11262
204144,56714
192618,30500
183366,56714
221247,56714
217380,1370
183492,39186
250668,1304
250020,1304
96444,1304
225672,1372
250275,62074
236490,56714
236490,1304
25749,124
186378,63510
211125,63510
239577,56714
181149,11262
241824,1370
234156,1370
167451,1370
204222,57414
225390,1370
227343,63510
191451,11262
162603,11262
209622,1372
249930,56714
253098,11262
173796,57414
64893,1370
209880,11262
206439,11262
154881,11262
213978,57804
206346,33886
174468,30500
211527,63186
253335,11262
207144,11262
66879,11262
248550,1370
250947,1304
25749,62074
203322,57414
222306,57414
197799,1370
191232,11262
183105,1304
217848,56714
160770,56714
200259,11262
208812,1370
249687,56714
249687,34092
206427,1372
234021,56714
241824,56714
165750,1372
210678,57414
66465,30500
213978,50274
247548,11262
207219,11262
212775,1370
197286,50274
204480,1370
219021,1370
219021,62376
212721,1372
207222,62376
208485,63510
208722,63510
186438,56714
238875,1372
187707,1372
196845,39186
154560,1304
173796,1370
209829,1370
187707,35846
203784,57414
251619,16358
246804,1304
232029,1370
154275,57414
208488,62944
187839,11262
154494,1370
192735,1370
177903,1304
186216,57414
214506,11262
232827,56714
247983,30500
203106,56714
234093,56714
222438,63510
153312,63510
172587,1304
195723,33886
203829,1370
210678,30500
224631,1304
246150,57414
238608,1370
62817,63510
207927,30500
242856,62274
211524,56714
194229,35732
208821,1370
161667,33886
166128,56714
227310,30500
208575,50718
153402,11262
236115,57414
210840,57414
175266,1370
187659,57414
232827,1372
208524,1372
175809,1370
175809,62376
206667,11262
154476,57414
251610,57414
211524,1372
128469,1304
241305,1370
212430,11262
203790,11262
208341,11262
203796,11262
72483,11262
250221,1370
248202,11262
242856,1372
129204,57414
200502,33886
232269,57414
220728,57414
206940,1372
162603,57414
228060,11262
154707,63510
197529,30500
230178,1372
249633,30500
249294,10652
187395,63510
236655,1370
213102,1372
157938,1370
212232,56714
247962,56714
203460,11262
239577,1372
208491,1370
72045,54096
207084,11262
244680,11262
155556,56714
183195,1304
242556,63510
253506,11262
249216,11262
252177,62376
252177,1370
176577,57414
193323,56714
187101,59396
163131,10652
216822,30500
247956,11262
203661,11262
203733,11262
227343,30500
247548,1304
187707,35732
200964,63418
200964,39186
213513,11262
206376,63510
191247,30500
208473,1372
251442,35732
203727,1370
252405,30500
248202,57414
184698,1372
194229,39186
176577,1370
205659,56714
183213,62944
210954,1370
204375,57414
154578,1304
160029,30500
65058,11262
183573,30500
248013,10652
198855,1372
227343,1372
187962,1370
176319,1370
154473,1370
64959,57414
217782,10652
208482,30500
208740,1370
235458,1372
154098,1304
207996,1304
250020,11262
96444,11262
204717,11262
159033,63510
248373,30500
206412,62074
203133,30500
225393,57414
228060,1370
207243,56714
207243,34092
203775,1370
250362,11262
153402,1304
249342,59394
227343,1370
206406,56714
177474,11262
175239,57414
245976,1370
175266,1372
238293,63136
184113,1370
211947,57414
178257,11262
242442,59396
212748,59396
206364,33886
61824,57414
231900,62376
231900,1370
211413,10652
213978,36720
238293,63186
247962,11262
224841,1370
198279,11262
66918,1370
232035,1370
249342,50274
206988,30500
236226,39186
248202,1370
153312,30500
66879,57414
206448,1304
207216,1372
187806,61280
208812,56714
194229,61280
129081,30500
210690,1370
220269,54096
154707,56714
154707,34092
190776,56714
197286,57804
242130,1372
207339,50274
215298,57414
247260,56714
247134,1370
210234,10652
249687,1372
71766,11262
171702,1370
232029,56714
238887,56714
252480,63510
207078,11262
174279,1370
208722,30500
251442,59394
203151,62074
182292,10652
230028,1370
204222,30500
207222,1372
186378,124
207330,11262
211950,1372
186174,124
175809,11262
203106,11262
248292,1370
198867,10652
65640,56714
157398,56714
184710,1370
72483,10652
208341,10652
183195,63360
66879,1370
66915,1370
198981,56714
227343,10652
72918,1372
243927,1372
249633,16358
203454,63510
208872,1370
183489,124
176403,63510
186174,59394
129135,1370
156063,1370
211140,56714
227310,1304
208575,1304
67056,1370
225276,56714
207387,1372
224211,56714
248205,56714
183576,11262
68496,56714
187743,56714
197529,56714
210840,1370
66465,63510
208758,1370
208758,62376
186216,1370
211386,57414
251619,35732
211527,36720
184509,1304
206376,33886
251442,54096
206697,62376
217380,56714
206940,30500
235335,57414
192942,56714
192942,34092
157767,50718
157767,30500
220269,63360
227670,57414
154275,1370
191238,11262
72045,62944
72045,62860
247548,1370
208488,35732
179853,63360
219450,62376
219450,1370
154779,56714
251967,30500
25749,33886
242856,62074
206433,63510
167316,1370
213885,35732
25749,16358
223968,30500
229977,1372
64734,1370
246915,1370
244380,63510
154032,11262
154032,1304
249513,62376
249513,1370
230028,57414
250434,62944
205959,30500
211761,57414
195249,1304
192618,63510
72108,11262
203133,56714
217782,61280
206451,57414
153402,1370
182565,30500
203700,39186
252210,30500
220728,33886
220728,63538
129204,30500
208821,35732
208761,35732
128538,1370
154578,57414
213885,54096
72045,62074
160029,57414
225393,30500
166437,57414
128526,1372
68496,63510
212220,1372
197286,36720
207084,1372
251631,33886
154551,63510
154770,57414
217782,63360
249297,1370
194883,1370
210141,11262
198882,1372
238878,63360
249633,63510
203661,1304
206406,57414
187734,56714
188730,56714
154011,56714
72108,1304
210840,62074
164064,11262
207240,1370
153756,1370
207999,11262
164661,56714
167316,1304
234297,50274
194229,59396
222669,1372
212430,1370
153756,11262
164064,1372
236775,63510
236775,56714
250782,1304
212745,62376
230010,1370
197286,1372
183213,16358
250221,56714
187221,56714
183489,63186
225747,1370
244158,57414
154494,57414
68676,11262
183672,56714
190152,30500
205815,1304
236115,62074
247956,1370
227670,62376
227670,1370
246339,57414
186216,1304
246339,50718
203724,1370
96444,62074
204717,62074
128469,11262
229812,11262
250434,33886
208758,57414
208692,56714
166362,56714
154578,1370
154578,62376
210342,1372
203268,63510
248250,63510
211527,62944
249342,63360
197835,1370
191226,1370
68676,1304
62817,62074
216498,30500
207339,39186
191232,1372
220728,10652
229737,57414
236775,30500
154779,63510
227292,62074
207084,34092
208209,1372
25749,35846
154068,50718
206376,63360
72561,1370
72561,62376
161403,1372
165786,57414
187875,10652
153792,10652
64218,1370
223728,56714
167652,34092
162792,1372
224631,1370
224631,62376
204480,11262
206811,1370
206406,1370
205815,1370
207216,62074
154032,1370
187797,63360
154578,11262
253146,1304
249297,1304
210627,57414
166995,1372
186174,57804
249342,63186
206748,63510
183195,54096
187806,63136
62817,54096
192942,57414
227670,11262
227829,11262
195447,11262
206433,30500
206433,50718
192159,56714
246711,56714
191247,63510
204375,62376
204375,1370
166128,62074
156486,63510
66915,57414
212775,57414
188331,62074
128538,63510
154098,1370
207996,1370
221115,1304
184698,11262
160770,1370
226662,63510
239556,10652
242442,59394
153048,1370
220728,1372
128502,39186
165726,63538
165726,33886
225699,33886
72117,56714
229536,39186
216108,1372
219021,57414
204480,57414
65058,63510
154434,1372
220728,62074
250947,30500
162810,63510
238293,63538
154473,57414
203511,1370
178458,10652
236775,57414
230073,1372
176403,10652
238689,62074
221115,1370
221115,62376
71766,34092
68676,1372
183105,57804
187224,1370
199242,48298
72045,48298
222669,33886
203259,63510
154560,11262
192618,35846
210627,11262
232035,33886
248550,56714
200259,1370
206850,62074
204375,63510
184113,57414
204054,1304
166995,30500
187386,36720
183675,1370
128604,11262
187806,59394
200502,10652
231909,1372
230028,56714
165726,1372
206637,62074
184509,1370
199242,16358
211632,50718
227292,63510
230073,30500
241305,33886
251235,57414
250782,1370
223728,1370
206448,1370
179853,39186
184674,34092
166437,1370
212220,1304
225393,1372
228060,34092
192942,1370
72483,30500
207330,56714
200502,35732
187797,39186
207999,1370
234297,62944
216108,30500
216108,50718
198981,63510
183576,56714
243927,56714
250434,56696
198279,1304
206748,33886
212448,33886
212448,63538
153792,35732
253506,1370
154743,11262
207087,1304
205959,10652
212442,62860
153303,49888
153303,62944
209880,57414
209697,56714
209697,34092
203454,10652
191232,56714
154551,1372
182565,10652
192159,62074
183675,1304
187707,62944
251619,57804
212448,10652
155055,56714
208209,63510
64893,11262
210834,1370
210834,62376
213513,1370
153792,50718
210954,1372
186327,63510
153084,1372
186174,36720
252210,1370
208488,35846
209880,63510
214998,56714
212775,56714
191232,1304
128604,1370
155388,56714
210114,63510
165786,34092
234156,62074
235335,56714
212301,63510
204222,56714
212745,11262
225393,62074
235932,30500
208692,57414
206433,33886
206349,33886
236226,62944
211761,33886
166356,63510
248682,63510
209799,56714
196455,57414
208485,57414
206364,39186
227343,1304
206514,57414
176403,1304
194229,57804
232455,56714
204375,56714
178830,56696
206697,10808
162810,30500
186174,32496
210690,63538
210690,33886
208500,62074
198873,62376
193323,63510
208794,63510
206346,62944
128334,1370
208488,10652
178830,62944
178830,62860
178830,49888
183489,62944
236655,1372
183492,62074
189045,56714
249513,63538
96444,30500
250020,50718
204717,30500
250668,30500
178458,56714
203460,63510
212721,50718
212721,30500
195447,56714
64218,1304
198873,1304
209880,62376
207264,57804
177474,57414
210000,1372
163251,57414
229812,1304
62337,1372
187707,57804
210834,1304
206637,30500
230331,56714
210876,1372
219450,56714
192618,16358
203112,62074
199860,62074
192771,62074
203295,1372
183213,63136
215298,30500
176643,56714
247983,33886
173613,1372
197673,33886
183105,61280
25749,50274
206937,63510
212721,62944
186378,35732
250653,35732
209796,11262
162957,10652
211548,33886
234021,30500
234021,50718
209796,1370
209796,62376
197286,62074
247260,50274
211965,35732
186174,3382
248292,57414
244380,10652
61344,63510
203310,33886
205662,33886
77484,63510
234120,10652
211524,63510
228729,56714
230010,56714
210342,56714
244971,30500
154032,57414
248013,62944
172587,1370
234120,1370
206784,62074
251610,1372
212445,63510
128469,1370
188787,56714
185067,11262
173667,11262
215298,1372
188685,34092
64299,56714
211947,63510
188937,34092
188937,56714
245976,1372
232614,62376
232614,1370
187875,1304
156063,1304
209073,56714
72930,62944
251235,56714
238611,1370
203073,1370
208341,63510
72483,63510
203796,63510
156057,39186
197529,63510
239247,1370
179853,62376
225393,63510
163101,63510
198882,62074
242232,30500
228948,30500
203268,10652
196722,10652
203259,10652
153999,56714
186378,33886
220728,63510
181101,63136
183489,59396
241305,62944
129135,57414
221751,57414
253098,1370
253098,62376
208554,1370
198210,1304
210393,62074
234093,62074
198867,33886
198867,63538
232614,11262
251967,33886
187839,1304
63690,56714
227670,30500
222204,56714
222204,34092
129081,16358
208821,62074
193323,30500
207078,56714
251967,63510
194082,62074
249567,56714
207387,56714
209622,35846
219231,63538
219231,33886
197835,1304
176643,57414
88821,35846
153885,63510
157185,56714
252177,56714
207339,62944
224169,63510
217002,56714
207264,36720
212442,35732
203316,1370
156057,34092
156057,56714
238263,1370
208500,1372
253557,30500
176403,63360
222204,10652
167316,57414
186216,1372
235335,63510
187743,1304
156057,54096
242412,62074
214968,1372
211761,1372
187386,62274
175239,11262
60888,35846
250275,33886
206823,63538
62337,34092
62337,56714
213102,62074
154698,50274
230604,62074
165126,57414
207999,1304
208899,33886
208899,63538
249930,1372
187659,1372
204924,50274
153303,33886
187806,16358
212301,30500
212301,50718
165126,1370
228948,1372
219450,62074
154890,33886
230178,63510
154434,11262
153312,10652
204222,63510
187707,16358
221751,1370
153303,35846
72117,1304
206943,1370
224931,56714
210114,50718
210114,30500
183105,63360
195447,1370
194904,63510
182292,63538
153048,1372
248682,50718
248682,30500
187806,124
252177,10652
65058,57414
25749,59396
154743,62074
204717,63510
96444,63510
206346,56696
196845,62944
160770,63510
154707,54096
250653,59396
157224,10652
177903,11262
156057,10652
157224,30500
60864,35732
212430,57414
210114,1372
208872,33886
225393,35846
208491,63538
225501,10652
197835,11262
222906,33886
244158,56714
194409,57414
186327,34092
207222,39186
242232,35846
232269,35732
61344,35846
249342,36720
62817,3382
154167,62074
201564,10652
217848,62074
211527,61348
204780,1372
206940,33886
128538,30500
178830,59394
198981,62074
230028,62074
183195,39186
232068,56714
153885,56714
198279,1370
193323,33886
206748,35846
166128,30500
166128,50718
183195,50274
187839,1370
163131,39186
208821,1372
163251,11262
253557,1304
203175,1372
194229,32496
227670,56714
238218,56714
251619,10808
207087,1370
178458,39186
241824,33886
206448,56714
206451,34092
77484,62074
238293,62074
71766,63510
195249,57414
225276,30500
187875,33886
206439,33886
75723,34092
238875,56714
237300,62074
206637,63510
248301,56714
247962,30500
72900,35732
206955,63510
223104,1370
215112,39186
166029,1372
229620,1304
246711,1304
61824,33886
194883,34092
194883,56714
186657,56714
208473,33886
63690,1370
63690,62376
72045,63186
187707,63538
206784,1372
155055,63510
210876,33886
197286,63360
250974,56714
166128,63510
194229,62944
194229,62860
252480,56714
154890,16358
159831,63538
204057,56714
153048,56714
68676,34092
250977,62074
222669,59396
187386,61280
224631,1372
154797,56714
214194,56714
213885,59396
176319,56714
153048,1304
195249,1370
246804,10652
154698,10808
212301,10652
212721,56696
203133,62074
176403,33886
249294,35732
194883,1304
213978,63136
230331,63510
196845,35846
203700,35846
192159,10652
200964,50274
236115,56714
154890,62944
204795,33886
190776,33886
224211,61280
179838,11262
204375,1372
253146,56714
211524,63360
186438,62074
191451,1372
203082,1304
193323,10652
203133,10652
188331,33886
249567,62074
207084,62074
64299,30500
188685,30500
215112,1372
238611,56714
203073,56714
202638,10652
194904,30500
222906,59396
206868,35846
200964,59396
207999,57414
154707,30500
154707,50718
248250,1372
203274,1372
197034,1372
203268,1372
211473,56714
210141,56714
192735,1372
251442,61280
236226,16358
230010,1372
227670,62074
162792,63510
175239,1372
250362,62074
212445,33886
176403,54096
225393,63360
154275,56714
229539,39186
209094,56714
217782,16358
190152,63538
206868,33886
190152,33886
238878,54096
190776,57414
243390,30500
227238,10652
248205,30500
208692,63510
66465,56696
206667,34092
251493,34092
206667,56714
211476,56714
222204,30500
238827,63510
225669,33886
205107,33886
225669,63538
244680,63510
247134,1372
204411,54096
230028,50718
153204,30500
163377,1372
174279,50718
207144,1370
183213,54096
220269,63136
154494,11262
190113,56714
219522,11262
216822,63538
231909,34092
216981,57414
210234,63418
65640,10652
208758,33886
207243,63510
200964,62074
236775,10652
203889,62376
199860,1370
192771,1370
203058,1370
252774,62376
216648,62376
216648,1370
224145,1370
197529,1372
244971,50274
190776,1370
190776,62376
222669,39186
154770,1372
220713,39186
204780,33886
253506,1372
233970,30500
153792,61280
223554,33886
192771,33886
210846,63538
199860,33886
192771,63538
233970,1372
210834,56714
200259,1304
206514,1372
242412,33886
251442,124
253335,1370
214506,62074
207240,62074
153084,63510
236226,35732
197799,10652
242151,1372
206955,35846
198882,56696
206937,33886
222306,1370
183366,30500
245976,50718
188787,63510
211533,50718
203829,62074
211386,1372
165684,56714
183675,56714
219450,1372
222906,56696
242442,39186
172161,30500
181149,56714
230010,62074
251643,49888
251643,62860
225672,30500
217494,10652
128526,50718
72930,32496
249342,61280
203733,33886
203661,33886
220269,33886
217782,59394
251493,62074
154146,62074
184113,1372
163131,30500
172503,30500
157680,62074
240939,59396
208092,39186
183492,59396
241305,56696
62817,63136
232068,63510
208821,62860
128502,62944
211524,62074
200259,1372
60888,59396
252696,1370
203661,10652
25749,32496
207222,1304
154770,56714
186438,30500
164457,39186
161526,34092
161526,56714
250668,10652
172587,56714
206637,33886
162603,56714
203106,1370
210393,1370
176319,63510
163377,1304
212445,1370
211965,1372
157767,50274
25743,63360
177474,56714
203460,1372
175293,33886
182565,63538
242232,10652
154578,1372
198210,30500
178257,56714
128526,57804
235335,50718
160029,1370
164661,30500
72108,56714
184113,11262
128538,57804
227310,33886
227310,63538
225669,35846
238608,62074
72930,54096
165684,57414
155556,10652
198882,59396
183573,50274
184104,56714
210954,56714
239247,56714
72483,1372
207087,33886
219522,56714
72117,1370
198882,62860
128604,1304
154578,34092
234297,61280
225393,50274
184710,1372
249633,33534
60888,36720
72117,57414
220269,3382
208599,10652
212721,62274
212721,59396
242130,50274
250782,1372
211812,56714
211812,34092
176403,3382
249930,62074
154434,56714
166437,1372
230178,35732
197835,56714
214194,62074
187707,63186
207087,50718
196845,61280
238263,62074
154011,62074
187734,62074
212283,30500
225393,62274
203784,1372
183105,16358
212220,61280
64218,1372
163251,56714
215298,63510
211965,35846
248202,63510
203790,16358
250653,39186
223728,50718
188700,39186
197286,16358
194904,33886
212748,63136
247962,63510
231900,1372
172587,57414
250947,1370
235458,63510
219021,56714
191238,56714
222906,36720
189045,63510
72108,57414
195372,56714
248178,10652
247983,62944
242409,62074
154032,1372
242130,1370
198210,34092
198210,56714
215112,59396
183672,10652
25749,61280
208872,1372
72930,35732
203259,33886
248250,33886
88821,63418
128526,10652
159033,10652
156057,62860
154740,34092
154740,56714
154743,56714
209094,1372
220713,30500
60888,33886
175809,1372
66465,63418
247983,54096
247632,1304
164064,30500
153792,62074
123150,62274
210234,49888
247962,59396
246711,54096
187707,62074
161667,124
236226,32496
232614,1304
206346,16358
201564,62274
248682,62274
153381,10652
215112,62074
186438,63510
244680,33886
154560,1372
209796,1372
172161,35846
242439,63538
242439,33886
221247,50274
166356,33886
234297,3382
217782,33886
217782,63538
249342,32496
61344,16358
208554,56696
183213,10808
236226,59396
216981,1370
129135,1372
200259,34092
154881,62074
167316,1372
153792,63360
253557,63360
128538,39186
232455,30500
232455,50718
128538,36720
212775,30500
174468,63418
209793,63186
210114,62074
238263,63418
210234,35732
206433,39186
227988,56714
176472,34092
229812,1370
212442,63186
249294,62074
162810,10652
154881,10652
195249,11262
206847,54096
195582,34092
195582,56714
207264,10808
164007,33886
62817,62944
62817,62860
163131,33886
204228,56714
72930,59396
176403,63136
242442,54096
203724,10652
249687,63510
206376,54096
211125,10652
198855,56714
211125,62944
208554,33886
212220,63360
232827,63538
251631,39186
212301,62944
240939,1370
242556,39186
207999,50718
164064,63510
208740,59396
65640,62074
154275,1372
174468,54096
65640,63510
165744,39186
157938,56714
194883,63510
204480,34092
214968,35732
153960,30500
227115,33886
187707,63136
222669,62860
211527,11490
189045,30500
207087,39186
234297,62074
208566,62376
206376,62274
206376,59396
184104,35732
248301,30500
154098,30500
176403,63186
194904,63360
194883,1372
238263,62860
212430,1372
183105,63136
246150,56714
195507,59396
250653,62074
207078,30500
217002,63510
194229,61348
211950,35846
251235,10652
204411,10652
250221,63510
187806,54290
203517,30500
242232,63538
242232,33886
245154,30500
206427,63510
206811,63510
206406,63510
154146,56714
212430,56714
230073,63510
183105,124
224211,63538
209073,35732
166362,63510
203082,62376
192714,1370
203082,1370
206943,30500
153792,33886
77484,34092
77484,56714
242442,62944
72918,33886
242151,10652
186378,63360
231909,50718
163377,10652
204228,63510
128334,30500
128502,32496
250434,63186
247983,59396
249930,63510
183105,63186
198873,33886
75723,1304
252177,39186
204924,30500
243546,39186
61344,33886
250974,63360
250275,35846
203511,62074
198873,39186
246915,34092
249294,49888
249294,62860
156057,30500
207996,1372
154098,1372
203175,33886
208722,1370
210234,3382
182565,35732
206364,60
250434,50274
198873,63360
228729,10652
216498,16358
210393,63538
234093,33886
234093,63538
250977,63360
235335,63360
229539,33886
186882,56714
163131,35732
206955,16358
203310,1372
203316,1372
176472,62074
183105,59396
215298,124
223104,63510
225672,62274
210840,63538
157767,35732
251442,3382
182292,16358
207339,54096
249342,10808
205959,35732
244158,30500
206514,30500
208053,10652
245154,1372
244971,39186
232035,62944
66924,30500
222306,39186
234021,35732
244971,59396
250434,61280
204222,63538
204222,33886
201798,11262
206748,35732
72108,62376
207264,33886
208524,35732
77484,30500
156063,56714
203073,10652
238611,10652
206376,62944
211140,1304
252480,30500
250977,33886
242232,63186
251619,54290
208209,62074
213114,35846
187797,62074
77484,35732
209880,63360
210978,10652
248373,62944
248373,62860
66918,1372
156057,62074
69249,30500
69249,50718
153312,33886
216498,63510
157224,35732
211533,63510
247956,56714
208524,10652
206847,35846
207222,61280
163131,62944
248796,10652
183576,30500
153756,56714
204057,63510
153204,10652
242151,59396
219522,50718
197286,61280
154770,63510
208524,39186
242439,62074
206784,30500
242151,62944
154797,35732
213102,63360
128469,30500
64218,33886
206496,11262
158766,11262
210876,63418
211947,1372
184698,30500
210690,35732
212448,39186
206748,39186
192942,35846
206784,35846
208797,35732
153048,50718
162957,33886
208794,35846
191223,33886
207240,50718
206847,16358
217002,10652
195249,1372
166995,35846
251610,62074
187224,11262
226662,62860
252696,56714
246963,63510
173667,50718
208692,1372
61344,62944
198873,54096
225501,56696
251610,56714
128526,16358
224931,30500
207264,39186
167316,56714
186174,11490
155388,50718
209793,60
25749,50720
228060,63510
210690,10652
208473,39186
211533,16358
250974,10652
243927,10652
206697,30500
206697,50718
210000,11262
187707,54290
243927,56696
212748,33534
164457,54096
201564,49888
65640,63538
190113,63510
236490,33886
204375,30500
60888,63186
205107,63418
156057,59396
249930,10652
216648,63418
251085,39186
252375,63418
210846,39186
207996,10652
